country,datetime,value,date
Argentina,1979-01-01,0,Jan 1979
Argentina,1984-01-01,0,Jan 1984
Argentina,1989-01-01,0,Jan 1989
Argentina,1990-01-01,0,Jan 1990
Argentina,1991-01-01,0,Jan 1991
Argentina,1992-01-01,0,Jan 1992
Argentina,1994-01-01,0,Jan 1994
Argentina,1995-01-01,0,Jan 1995
Argentina,1999-01-01,0,Jan 1999
Argentina,2000-01-01,0,Jan 2000
Argentina,2001-01-01,0,Jan 2001
Argentina,2002-01-01,0,Jan 2002
Argentina,2003-01-01,0,Jan 2003
Argentina,2004-01-01,0,Jan 2004
Argentina,2005-01-01,0,Jan 2005
Argentina,2006-01-01,0,Jan 2006
Argentina,2007-01-01,1,Jan 2007
Argentina,2008-01-01,1,Jan 2008
Argentina,2009-01-01,2,Jan 2009
Argentina,2010-01-01,2,Jan 2010
Argentina,2011-01-01,2,Jan 2011
Argentina,2011-07-01,2,Jul 2011
Argentina,2012-01-01,2,Jan 2012
Argentina,2012-07-01,2,Jul 2012
Argentina,2013-01-01,2,Jan 2013
Argentina,2014-01-01,2,Jan 2014
Argentina,2015-01-01,3,Jan 2015
Argentina,2016-01-01,3,Jan 2016
Argentina,2016-07-01,3,Jul 2016
Argentina,2017-01-01,7,Jan 2017
Argentina,2017-12-01,7,Dec 2017
Argentina,2018-06-01,10,Jun 2018
Argentina,2018-12-01,10,Dec 2018
Argentina,2019-06-01,11,Jun 2019
Australia,1979-01-01,0,Jan 1979
Australia,1984-01-01,0,Jan 1984
Australia,1989-01-01,0,Jan 1989
Australia,1990-01-01,0,Jan 1990
Australia,1991-01-01,0,Jan 1991
Australia,1992-01-01,0,Jan 1992
Australia,1994-01-01,1,Jan 1994
Australia,1995-01-01,1,Jan 1995
Australia,1999-01-01,2,Jan 1999
Australia,2000-01-01,2,Jan 2000
Australia,2001-01-01,2,Jan 2001
Australia,2002-01-01,2,Jan 2002
Australia,2003-01-01,2,Jan 2003
Australia,2004-01-01,3,Jan 2004
Australia,2005-01-01,3,Jan 2005
Australia,2006-01-01,4,Jan 2006
Australia,2007-01-01,5,Jan 2007
Australia,2008-01-01,5,Jan 2008
Australia,2009-01-01,5,Jan 2009
Australia,2010-01-01,5,Jan 2010
Australia,2011-01-01,6,Jan 2011
Australia,2011-07-01,6,Jul 2011
Australia,2012-01-01,6,Jan 2012
Australia,2012-07-01,6,Jul 2012
Australia,2013-01-01,6,Jan 2013
Australia,2014-01-01,12,Jan 2014
Australia,2015-01-01,13,Jan 2015
Australia,2016-01-01,15,Jan 2016
Australia,2016-07-01,15,Jul 2016
Australia,2017-01-01,23,Jan 2017
Australia,2017-12-01,24,Dec 2017
Australia,2018-06-01,25,Jun 2018
Australia,2018-12-01,25,Dec 2018
Australia,2019-06-01,26,Jun 2019
Austria,1979-01-01,0,Jan 1979
Austria,1984-01-01,0,Jan 1984
Austria,1989-01-01,0,Jan 1989
Austria,1990-01-01,0,Jan 1990
Austria,1991-01-01,0,Jan 1991
Austria,1992-01-01,0,Jan 1992
Austria,1994-01-01,0,Jan 1994
Austria,1995-01-01,0,Jan 1995
Austria,1999-01-01,0,Jan 1999
Austria,2000-01-01,0,Jan 2000
Austria,2001-01-01,0,Jan 2001
Austria,2002-01-01,0,Jan 2002
Austria,2003-01-01,0,Jan 2003
Austria,2004-01-01,0,Jan 2004
Austria,2005-01-01,0,Jan 2005
Austria,2006-01-01,0,Jan 2006
Austria,2007-01-01,1,Jan 2007
Austria,2008-01-01,1,Jan 2008
Austria,2009-01-01,1,Jan 2009
Austria,2010-01-01,1,Jan 2010
Austria,2011-01-01,1,Jan 2011
Austria,2011-07-01,1,Jul 2011
Austria,2012-01-01,1,Jan 2012
Austria,2012-07-01,1,Jul 2012
Austria,2013-01-01,1,Jan 2013
Austria,2014-01-01,1,Jan 2014
Austria,2015-01-01,1,Jan 2015
Austria,2016-01-01,2,Jan 2016
Austria,2016-07-01,2,Jul 2016
Austria,2017-01-01,2,Jan 2017
Austria,2017-12-01,2,Dec 2017
Austria,2018-06-01,4,Jun 2018
Austria,2018-12-01,4,Dec 2018
Austria,2019-06-01,4,Jun 2019
Belarus,1979-01-01,0,Jan 1979
Belarus,1984-01-01,0,Jan 1984
Belarus,1989-01-01,0,Jan 1989
Belarus,1990-01-01,0,Jan 1990
Belarus,1991-01-01,0,Jan 1991
Belarus,1992-01-01,0,Jan 1992
Belarus,1994-01-01,0,Jan 1994
Belarus,1995-01-01,0,Jan 1995
Belarus,1999-01-01,0,Jan 1999
Belarus,2000-01-01,0,Jan 2000
Belarus,2001-01-01,0,Jan 2001
Belarus,2002-01-01,0,Jan 2002
Belarus,2003-01-01,0,Jan 2003
Belarus,2004-01-01,0,Jan 2004
Belarus,2005-01-01,1,Jan 2005
Belarus,2006-01-01,1,Jan 2006
Belarus,2007-01-01,1,Jan 2007
Belarus,2008-01-01,1,Jan 2008
Belarus,2009-01-01,1,Jan 2009
Belarus,2010-01-01,1,Jan 2010
Belarus,2011-01-01,1,Jan 2011
Belarus,2011-07-01,1,Jul 2011
Belarus,2012-01-01,1,Jan 2012
Belarus,2012-07-01,1,Jul 2012
Belarus,2013-01-01,2,Jan 2013
Belarus,2014-01-01,2,Jan 2014
Belarus,2015-01-01,2,Jan 2015
Belarus,2016-01-01,3,Jan 2016
Belarus,2016-07-01,3,Jul 2016
Belarus,2017-01-01,3,Jan 2017
Belarus,2017-12-01,3,Dec 2017
Belarus,2018-06-01,3,Jun 2018
Belarus,2018-12-01,3,Dec 2018
Belarus,2019-06-01,3,Jun 2019
Belgium,1979-01-01,0,Jan 1979
Belgium,1984-01-01,0,Jan 1984
Belgium,1989-01-01,0,Jan 1989
Belgium,1990-01-01,0,Jan 1990
Belgium,1991-01-01,0,Jan 1991
Belgium,1992-01-01,0,Jan 1992
Belgium,1994-01-01,0,Jan 1994
Belgium,1995-01-01,0,Jan 1995
Belgium,1999-01-01,0,Jan 1999
Belgium,2000-01-01,0,Jan 2000
Belgium,2001-01-01,0,Jan 2001
Belgium,2002-01-01,0,Jan 2002
Belgium,2003-01-01,0,Jan 2003
Belgium,2004-01-01,0,Jan 2004
Belgium,2005-01-01,0,Jan 2005
Belgium,2006-01-01,0,Jan 2006
Belgium,2007-01-01,1,Jan 2007
Belgium,2008-01-01,1,Jan 2008
Belgium,2009-01-01,2,Jan 2009
Belgium,2010-01-01,2,Jan 2010
Belgium,2011-01-01,2,Jan 2011
Belgium,2011-07-01,2,Jul 2011
Belgium,2012-01-01,2,Jan 2012
Belgium,2012-07-01,2,Jul 2012
Belgium,2013-01-01,4,Jan 2013
Belgium,2014-01-01,5,Jan 2014
Belgium,2015-01-01,5,Jan 2015
Belgium,2016-01-01,6,Jan 2016
Belgium,2016-07-01,6,Jul 2016
Belgium,2017-01-01,6,Jan 2017
Belgium,2017-12-01,6,Dec 2017
Belgium,2018-06-01,7,Jun 2018
Belgium,2018-12-01,7,Dec 2018
Belgium,2019-06-01,7,Jun 2019
Bermuda,1979-01-01,0,Jan 1979
Bermuda,1984-01-01,0,Jan 1984
Bermuda,1989-01-01,0,Jan 1989
Bermuda,1990-01-01,0,Jan 1990
Bermuda,1991-01-01,0,Jan 1991
Bermuda,1992-01-01,0,Jan 1992
Bermuda,1994-01-01,0,Jan 1994
Bermuda,1995-01-01,0,Jan 1995
Bermuda,1999-01-01,1,Jan 1999
Bermuda,2000-01-01,1,Jan 2000
Bermuda,2001-01-01,1,Jan 2001
Bermuda,2002-01-01,1,Jan 2002
Bermuda,2003-01-01,1,Jan 2003
Bermuda,2004-01-01,1,Jan 2004
Bermuda,2005-01-01,1,Jan 2005
Bermuda,2006-01-01,1,Jan 2006
Bermuda,2007-01-01,1,Jan 2007
Bermuda,2008-01-01,1,Jan 2008
Bermuda,2009-01-01,1,Jan 2009
Bermuda,2010-01-01,1,Jan 2010
Bermuda,2011-01-01,1,Jan 2011
Bermuda,2011-07-01,1,Jul 2011
Bermuda,2012-01-01,1,Jan 2012
Bermuda,2012-07-01,1,Jul 2012
Bermuda,2013-01-01,1,Jan 2013
Bermuda,2014-01-01,1,Jan 2014
Bermuda,2015-01-01,1,Jan 2015
Bermuda,2016-01-01,1,Jan 2016
Bermuda,2016-07-01,1,Jul 2016
Bermuda,2017-01-01,1,Jan 2017
Bermuda,2017-12-01,1,Dec 2017
Bermuda,2018-06-01,1,Jun 2018
Bermuda,2018-12-01,1,Dec 2018
Bermuda,2019-06-01,1,Jun 2019
Brazil,1979-01-01,0,Jan 1979
Brazil,1984-01-01,0,Jan 1984
Brazil,1989-01-01,0,Jan 1989
Brazil,1990-01-01,0,Jan 1990
Brazil,1991-01-01,0,Jan 1991
Brazil,1992-01-01,0,Jan 1992
Brazil,1994-01-01,0,Jan 1994
Brazil,1995-01-01,0,Jan 1995
Brazil,1999-01-01,0,Jan 1999
Brazil,2000-01-01,0,Jan 2000
Brazil,2001-01-01,0,Jan 2001
Brazil,2002-01-01,0,Jan 2002
Brazil,2003-01-01,0,Jan 2003
Brazil,2004-01-01,0,Jan 2004
Brazil,2005-01-01,1,Jan 2005
Brazil,2006-01-01,1,Jan 2006
Brazil,2007-01-01,2,Jan 2007
Brazil,2008-01-01,2,Jan 2008
Brazil,2009-01-01,4,Jan 2009
Brazil,2010-01-01,5,Jan 2010
Brazil,2011-01-01,5,Jan 2011
Brazil,2011-07-01,5,Jul 2011
Brazil,2012-01-01,5,Jan 2012
Brazil,2012-07-01,5,Jul 2012
Brazil,2013-01-01,6,Jan 2013
Brazil,2014-01-01,6,Jan 2014
Brazil,2015-01-01,7,Jan 2015
Brazil,2016-01-01,9,Jan 2016
Brazil,2016-07-01,9,Jul 2016
Brazil,2017-01-01,13,Jan 2017
Brazil,2017-12-01,13,Dec 2017
Brazil,2018-06-01,16,Jun 2018
Brazil,2018-12-01,16,Dec 2018
Brazil,2019-06-01,18,Jun 2019
Canada,1979-01-01,0,Jan 1979
Canada,1984-01-01,0,Jan 1984
Canada,1989-01-01,0,Jan 1989
Canada,1990-01-01,0,Jan 1990
Canada,1991-01-01,1,Jan 1991
Canada,1992-01-01,1,Jan 1992
Canada,1994-01-01,2,Jan 1994
Canada,1995-01-01,2,Jan 1995
Canada,1999-01-01,5,Jan 1999
Canada,2000-01-01,5,Jan 2000
Canada,2001-01-01,5,Jan 2001
Canada,2002-01-01,5,Jan 2002
Canada,2003-01-01,5,Jan 2003
Canada,2004-01-01,5,Jan 2004
Canada,2005-01-01,5,Jan 2005
Canada,2006-01-01,5,Jan 2006
Canada,2007-01-01,6,Jan 2007
Canada,2008-01-01,6,Jan 2008
Canada,2009-01-01,12,Jan 2009
Canada,2010-01-01,12,Jan 2010
Canada,2011-01-01,16,Jan 2011
Canada,2011-07-01,16,Jul 2011
Canada,2012-01-01,20,Jan 2012
Canada,2012-07-01,21,Jul 2012
Canada,2013-01-01,25,Jan 2013
Canada,2014-01-01,33,Jan 2014
Canada,2015-01-01,36,Jan 2015
Canada,2016-01-01,48,Jan 2016
Canada,2016-07-01,48,Jul 2016
Canada,2017-01-01,53,Jan 2017
Canada,2017-12-01,53,Dec 2017
Canada,2018-06-01,58,Jun 2018
Canada,2018-12-01,58,Dec 2018
Canada,2019-06-01,59,Jun 2019
Chile,1979-01-01,0,Jan 1979
Chile,1984-01-01,0,Jan 1984
Chile,1989-01-01,0,Jan 1989
Chile,1990-01-01,0,Jan 1990
Chile,1991-01-01,0,Jan 1991
Chile,1992-01-01,0,Jan 1992
Chile,1994-01-01,0,Jan 1994
Chile,1995-01-01,0,Jan 1995
Chile,1999-01-01,0,Jan 1999
Chile,2000-01-01,0,Jan 2000
Chile,2001-01-01,0,Jan 2001
Chile,2002-01-01,0,Jan 2002
Chile,2003-01-01,0,Jan 2003
Chile,2004-01-01,0,Jan 2004
Chile,2005-01-01,0,Jan 2005
Chile,2006-01-01,0,Jan 2006
Chile,2007-01-01,0,Jan 2007
Chile,2008-01-01,0,Jan 2008
Chile,2009-01-01,0,Jan 2009
Chile,2010-01-01,0,Jan 2010
Chile,2011-01-01,1,Jan 2011
Chile,2011-07-01,1,Jul 2011
Chile,2012-01-01,1,Jan 2012
Chile,2012-07-01,1,Jul 2012
Chile,2013-01-01,1,Jan 2013
Chile,2014-01-01,1,Jan 2014
Chile,2015-01-01,1,Jan 2015
Chile,2016-01-01,1,Jan 2016
Chile,2016-07-01,1,Jul 2016
Chile,2017-01-01,2,Jan 2017
Chile,2017-12-01,2,Dec 2017
Chile,2018-06-01,3,Jun 2018
Chile,2018-12-01,3,Dec 2018
Chile,2019-06-01,3,Jun 2019
China,1979-01-01,0,Jan 1979
China,1984-01-01,0,Jan 1984
China,1989-01-01,0,Jan 1989
China,1990-01-01,0,Jan 1990
China,1991-01-01,0,Jan 1991
China,1992-01-01,0,Jan 1992
China,1994-01-01,0,Jan 1994
China,1995-01-01,0,Jan 1995
China,1999-01-01,0,Jan 1999
China,2000-01-01,0,Jan 2000
China,2001-01-01,0,Jan 2001
China,2002-01-01,0,Jan 2002
China,2003-01-01,0,Jan 2003
China,2004-01-01,0,Jan 2004
China,2005-01-01,0,Jan 2005
China,2006-01-01,0,Jan 2006
China,2007-01-01,0,Jan 2007
China,2008-01-01,0,Jan 2008
China,2009-01-01,1,Jan 2009
China,2010-01-01,1,Jan 2010
China,2011-01-01,1,Jan 2011
China,2011-07-01,1,Jul 2011
China,2012-01-01,1,Jan 2012
China,2012-07-01,1,Jul 2012
China,2013-01-01,1,Jan 2013
China,2014-01-01,1,Jan 2014
China,2015-01-01,1,Jan 2015
China,2016-01-01,1,Jan 2016
China,2016-07-01,1,Jul 2016
China,2017-01-01,1,Jan 2017
China,2017-12-01,1,Dec 2017
China,2018-06-01,1,Jun 2018
China,2018-12-01,1,Dec 2018
China,2019-06-01,1,Jun 2019
Colombia,1979-01-01,0,Jan 1979
Colombia,1984-01-01,0,Jan 1984
Colombia,1989-01-01,0,Jan 1989
Colombia,1990-01-01,0,Jan 1990
Colombia,1991-01-01,0,Jan 1991
Colombia,1992-01-01,0,Jan 1992
Colombia,1994-01-01,0,Jan 1994
Colombia,1995-01-01,0,Jan 1995
Colombia,1999-01-01,0,Jan 1999
Colombia,2000-01-01,0,Jan 2000
Colombia,2001-01-01,0,Jan 2001
Colombia,2002-01-01,0,Jan 2002
Colombia,2003-01-01,0,Jan 2003
Colombia,2004-01-01,0,Jan 2004
Colombia,2005-01-01,0,Jan 2005
Colombia,2006-01-01,0,Jan 2006
Colombia,2007-01-01,0,Jan 2007
Colombia,2008-01-01,1,Jan 2008
Colombia,2009-01-01,1,Jan 2009
Colombia,2010-01-01,1,Jan 2010
Colombia,2011-01-01,2,Jan 2011
Colombia,2011-07-01,2,Jul 2011
Colombia,2012-01-01,2,Jan 2012
Colombia,2012-07-01,2,Jul 2012
Colombia,2013-01-01,3,Jan 2013
Colombia,2014-01-01,3,Jan 2014
Colombia,2015-01-01,5,Jan 2015
Colombia,2016-01-01,6,Jan 2016
Colombia,2016-07-01,7,Jul 2016
Colombia,2017-01-01,7,Jan 2017
Colombia,2017-12-01,7,Dec 2017
Colombia,2018-06-01,10,Jun 2018
Colombia,2018-12-01,10,Dec 2018
Colombia,2019-06-01,10,Jun 2019
Costa Rica,1979-01-01,0,Jan 1979
Costa Rica,1984-01-01,0,Jan 1984
Costa Rica,1989-01-01,0,Jan 1989
Costa Rica,1990-01-01,0,Jan 1990
Costa Rica,1991-01-01,0,Jan 1991
Costa Rica,1992-01-01,0,Jan 1992
Costa Rica,1994-01-01,0,Jan 1994
Costa Rica,1995-01-01,0,Jan 1995
Costa Rica,1999-01-01,0,Jan 1999
Costa Rica,2000-01-01,0,Jan 2000
Costa Rica,2001-01-01,0,Jan 2001
Costa Rica,2002-01-01,0,Jan 2002
Costa Rica,2003-01-01,0,Jan 2003
Costa Rica,2004-01-01,0,Jan 2004
Costa Rica,2005-01-01,0,Jan 2005
Costa Rica,2006-01-01,0,Jan 2006
Costa Rica,2007-01-01,0,Jan 2007
Costa Rica,2008-01-01,0,Jan 2008
Costa Rica,2009-01-01,0,Jan 2009
Costa Rica,2010-01-01,0,Jan 2010
Costa Rica,2011-01-01,0,Jan 2011
Costa Rica,2011-07-01,0,Jul 2011
Costa Rica,2012-01-01,1,Jan 2012
Costa Rica,2012-07-01,1,Jul 2012
Costa Rica,2013-01-01,1,Jan 2013
Costa Rica,2014-01-01,1,Jan 2014
Costa Rica,2015-01-01,1,Jan 2015
Costa Rica,2016-01-01,1,Jan 2016
Costa Rica,2016-07-01,1,Jul 2016
Costa Rica,2017-01-01,1,Jan 2017
Costa Rica,2017-12-01,1,Dec 2017
Costa Rica,2018-06-01,2,Jun 2018
Costa Rica,2018-12-01,2,Dec 2018
Costa Rica,2019-06-01,2,Jun 2019
Croatia,1979-01-01,0,Jan 1979
Croatia,1984-01-01,0,Jan 1984
Croatia,1989-01-01,0,Jan 1989
Croatia,1990-01-01,0,Jan 1990
Croatia,1991-01-01,0,Jan 1991
Croatia,1992-01-01,0,Jan 1992
Croatia,1994-01-01,0,Jan 1994
Croatia,1995-01-01,0,Jan 1995
Croatia,1999-01-01,0,Jan 1999
Croatia,2000-01-01,0,Jan 2000
Croatia,2001-01-01,0,Jan 2001
Croatia,2002-01-01,0,Jan 2002
Croatia,2003-01-01,0,Jan 2003
Croatia,2004-01-01,0,Jan 2004
Croatia,2005-01-01,0,Jan 2005
Croatia,2006-01-01,1,Jan 2006
Croatia,2007-01-01,1,Jan 2007
Croatia,2008-01-01,1,Jan 2008
Croatia,2009-01-01,1,Jan 2009
Croatia,2010-01-01,1,Jan 2010
Croatia,2011-01-01,1,Jan 2011
Croatia,2011-07-01,1,Jul 2011
Croatia,2012-01-01,1,Jan 2012
Croatia,2012-07-01,1,Jul 2012
Croatia,2013-01-01,1,Jan 2013
Croatia,2014-01-01,1,Jan 2014
Croatia,2015-01-01,1,Jan 2015
Croatia,2016-01-01,1,Jan 2016
Croatia,2016-07-01,1,Jul 2016
Croatia,2017-01-01,1,Jan 2017
Croatia,2017-12-01,1,Dec 2017
Croatia,2018-06-01,1,Jun 2018
Croatia,2018-12-01,1,Dec 2018
Croatia,2019-06-01,1,Jun 2019
Cuba,1979-01-01,0,Jan 1979
Cuba,1984-01-01,0,Jan 1984
Cuba,1989-01-01,0,Jan 1989
Cuba,1990-01-01,0,Jan 1990
Cuba,1991-01-01,0,Jan 1991
Cuba,1992-01-01,0,Jan 1992
Cuba,1994-01-01,0,Jan 1994
Cuba,1995-01-01,0,Jan 1995
Cuba,1999-01-01,0,Jan 1999
Cuba,2000-01-01,0,Jan 2000
Cuba,2001-01-01,0,Jan 2001
Cuba,2002-01-01,0,Jan 2002
Cuba,2003-01-01,0,Jan 2003
Cuba,2004-01-01,0,Jan 2004
Cuba,2005-01-01,0,Jan 2005
Cuba,2006-01-01,0,Jan 2006
Cuba,2007-01-01,0,Jan 2007
Cuba,2008-01-01,0,Jan 2008
Cuba,2009-01-01,1,Jan 2009
Cuba,2010-01-01,1,Jan 2010
Cuba,2011-01-01,1,Jan 2011
Cuba,2011-07-01,1,Jul 2011
Cuba,2012-01-01,1,Jan 2012
Cuba,2012-07-01,1,Jul 2012
Cuba,2013-01-01,1,Jan 2013
Cuba,2014-01-01,1,Jan 2014
Cuba,2015-01-01,1,Jan 2015
Cuba,2016-01-01,1,Jan 2016
Cuba,2016-07-01,1,Jul 2016
Cuba,2017-01-01,1,Jan 2017
Cuba,2017-12-01,1,Dec 2017
Cuba,2018-06-01,1,Jun 2018
Cuba,2018-12-01,1,Dec 2018
Cuba,2019-06-01,1,Jun 2019
Denmark,1979-01-01,0,Jan 1979
Denmark,1984-01-01,0,Jan 1984
Denmark,1989-01-01,0,Jan 1989
Denmark,1990-01-01,0,Jan 1990
Denmark,1991-01-01,0,Jan 1991
Denmark,1992-01-01,0,Jan 1992
Denmark,1994-01-01,0,Jan 1994
Denmark,1995-01-01,0,Jan 1995
Denmark,1999-01-01,0,Jan 1999
Denmark,2000-01-01,0,Jan 2000
Denmark,2001-01-01,0,Jan 2001
Denmark,2002-01-01,0,Jan 2002
Denmark,2003-01-01,0,Jan 2003
Denmark,2004-01-01,1,Jan 2004
Denmark,2005-01-01,1,Jan 2005
Denmark,2006-01-01,1,Jan 2006
Denmark,2007-01-01,1,Jan 2007
Denmark,2008-01-01,1,Jan 2008
Denmark,2009-01-01,1,Jan 2009
Denmark,2010-01-01,1,Jan 2010
Denmark,2011-01-01,1,Jan 2011
Denmark,2011-07-01,1,Jul 2011
Denmark,2012-01-01,1,Jan 2012
Denmark,2012-07-01,1,Jul 2012
Denmark,2013-01-01,1,Jan 2013
Denmark,2014-01-01,1,Jan 2014
Denmark,2015-01-01,1,Jan 2015
Denmark,2016-01-01,1,Jan 2016
Denmark,2016-07-01,1,Jul 2016
Denmark,2017-01-01,1,Jan 2017
Denmark,2017-12-01,2,Dec 2017
Denmark,2018-06-01,3,Jun 2018
Denmark,2018-12-01,3,Dec 2018
Denmark,2019-06-01,3,Jun 2019
Dominican Republic,1979-01-01,0,Jan 1979
Dominican Republic,1984-01-01,0,Jan 1984
Dominican Republic,1989-01-01,0,Jan 1989
Dominican Republic,1990-01-01,0,Jan 1990
Dominican Republic,1991-01-01,0,Jan 1991
Dominican Republic,1992-01-01,0,Jan 1992
Dominican Republic,1994-01-01,0,Jan 1994
Dominican Republic,1995-01-01,0,Jan 1995
Dominican Republic,1999-01-01,0,Jan 1999
Dominican Republic,2000-01-01,0,Jan 2000
Dominican Republic,2001-01-01,0,Jan 2001
Dominican Republic,2002-01-01,0,Jan 2002
Dominican Republic,2003-01-01,0,Jan 2003
Dominican Republic,2004-01-01,0,Jan 2004
Dominican Republic,2005-01-01,0,Jan 2005
Dominican Republic,2006-01-01,0,Jan 2006
Dominican Republic,2007-01-01,0,Jan 2007
Dominican Republic,2008-01-01,0,Jan 2008
Dominican Republic,2009-01-01,0,Jan 2009
Dominican Republic,2010-01-01,0,Jan 2010
Dominican Republic,2011-01-01,0,Jan 2011
Dominican Republic,2011-07-01,0,Jul 2011
Dominican Republic,2012-01-01,0,Jan 2012
Dominican Republic,2012-07-01,0,Jul 2012
Dominican Republic,2013-01-01,0,Jan 2013
Dominican Republic,2014-01-01,0,Jan 2014
Dominican Republic,2015-01-01,0,Jan 2015
Dominican Republic,2016-01-01,0,Jan 2016
Dominican Republic,2016-07-01,0,Jul 2016
Dominican Republic,2017-01-01,0,Jan 2017
Dominican Republic,2017-12-01,0,Dec 2017
Dominican Republic,2018-06-01,1,Jun 2018
Dominican Republic,2018-12-01,1,Dec 2018
Dominican Republic,2019-06-01,1,Jun 2019
Ecuador,1979-01-01,0,Jan 1979
Ecuador,1984-01-01,0,Jan 1984
Ecuador,1989-01-01,0,Jan 1989
Ecuador,1990-01-01,0,Jan 1990
Ecuador,1991-01-01,0,Jan 1991
Ecuador,1992-01-01,0,Jan 1992
Ecuador,1994-01-01,0,Jan 1994
Ecuador,1995-01-01,0,Jan 1995
Ecuador,1999-01-01,0,Jan 1999
Ecuador,2000-01-01,0,Jan 2000
Ecuador,2001-01-01,0,Jan 2001
Ecuador,2002-01-01,0,Jan 2002
Ecuador,2003-01-01,0,Jan 2003
Ecuador,2004-01-01,0,Jan 2004
Ecuador,2005-01-01,0,Jan 2005
Ecuador,2006-01-01,0,Jan 2006
Ecuador,2007-01-01,0,Jan 2007
Ecuador,2008-01-01,0,Jan 2008
Ecuador,2009-01-01,0,Jan 2009
Ecuador,2010-01-01,0,Jan 2010
Ecuador,2011-01-01,0,Jan 2011
Ecuador,2011-07-01,0,Jul 2011
Ecuador,2012-01-01,0,Jan 2012
Ecuador,2012-07-01,0,Jul 2012
Ecuador,2013-01-01,0,Jan 2013
Ecuador,2014-01-01,1,Jan 2014
Ecuador,2015-01-01,1,Jan 2015
Ecuador,2016-01-01,1,Jan 2016
Ecuador,2016-07-01,1,Jul 2016
Ecuador,2017-01-01,1,Jan 2017
Ecuador,2017-12-01,1,Dec 2017
Ecuador,2018-06-01,1,Jun 2018
Ecuador,2018-12-01,1,Dec 2018
Ecuador,2019-06-01,1,Jun 2019
Egypt,1979-01-01,0,Jan 1979
Egypt,1984-01-01,0,Jan 1984
Egypt,1989-01-01,0,Jan 1989
Egypt,1990-01-01,0,Jan 1990
Egypt,1991-01-01,0,Jan 1991
Egypt,1992-01-01,0,Jan 1992
Egypt,1994-01-01,0,Jan 1994
Egypt,1995-01-01,0,Jan 1995
Egypt,1999-01-01,0,Jan 1999
Egypt,2000-01-01,0,Jan 2000
Egypt,2001-01-01,0,Jan 2001
Egypt,2002-01-01,0,Jan 2002
Egypt,2003-01-01,0,Jan 2003
Egypt,2004-01-01,0,Jan 2004
Egypt,2005-01-01,0,Jan 2005
Egypt,2006-01-01,0,Jan 2006
Egypt,2007-01-01,0,Jan 2007
Egypt,2008-01-01,0,Jan 2008
Egypt,2009-01-01,0,Jan 2009
Egypt,2010-01-01,0,Jan 2010
Egypt,2011-01-01,0,Jan 2011
Egypt,2011-07-01,0,Jul 2011
Egypt,2012-01-01,0,Jan 2012
Egypt,2012-07-01,0,Jul 2012
Egypt,2013-01-01,0,Jan 2013
Egypt,2014-01-01,0,Jan 2014
Egypt,2015-01-01,0,Jan 2015
Egypt,2016-01-01,0,Jan 2016
Egypt,2016-07-01,0,Jul 2016
Egypt,2017-01-01,1,Jan 2017
Egypt,2017-12-01,1,Dec 2017
Egypt,2018-06-01,1,Jun 2018
Egypt,2018-12-01,1,Dec 2018
Egypt,2019-06-01,1,Jun 2019
El Salvador,1979-01-01,0,Jan 1979
El Salvador,1984-01-01,0,Jan 1984
El Salvador,1989-01-01,0,Jan 1989
El Salvador,1990-01-01,0,Jan 1990
El Salvador,1991-01-01,0,Jan 1991
El Salvador,1992-01-01,0,Jan 1992
El Salvador,1994-01-01,0,Jan 1994
El Salvador,1995-01-01,0,Jan 1995
El Salvador,1999-01-01,0,Jan 1999
El Salvador,2000-01-01,0,Jan 2000
El Salvador,2001-01-01,0,Jan 2001
El Salvador,2002-01-01,0,Jan 2002
El Salvador,2003-01-01,0,Jan 2003
El Salvador,2004-01-01,0,Jan 2004
El Salvador,2005-01-01,0,Jan 2005
El Salvador,2006-01-01,0,Jan 2006
El Salvador,2007-01-01,0,Jan 2007
El Salvador,2008-01-01,0,Jan 2008
El Salvador,2009-01-01,0,Jan 2009
El Salvador,2010-01-01,0,Jan 2010
El Salvador,2011-01-01,0,Jan 2011
El Salvador,2011-07-01,0,Jul 2011
El Salvador,2012-01-01,0,Jan 2012
El Salvador,2012-07-01,0,Jul 2012
El Salvador,2013-01-01,0,Jan 2013
El Salvador,2014-01-01,0,Jan 2014
El Salvador,2015-01-01,0,Jan 2015
El Salvador,2016-01-01,1,Jan 2016
El Salvador,2016-07-01,1,Jul 2016
El Salvador,2017-01-01,1,Jan 2017
El Salvador,2017-12-01,1,Dec 2017
El Salvador,2018-06-01,1,Jun 2018
El Salvador,2018-12-01,1,Dec 2018
El Salvador,2019-06-01,1,Jun 2019
Estonia,1979-01-01,0,Jan 1979
Estonia,1984-01-01,0,Jan 1984
Estonia,1989-01-01,0,Jan 1989
Estonia,1990-01-01,0,Jan 1990
Estonia,1991-01-01,0,Jan 1991
Estonia,1992-01-01,0,Jan 1992
Estonia,1994-01-01,0,Jan 1994
Estonia,1995-01-01,0,Jan 1995
Estonia,1999-01-01,0,Jan 1999
Estonia,2000-01-01,0,Jan 2000
Estonia,2001-01-01,0,Jan 2001
Estonia,2002-01-01,0,Jan 2002
Estonia,2003-01-01,0,Jan 2003
Estonia,2004-01-01,0,Jan 2004
Estonia,2005-01-01,0,Jan 2005
Estonia,2006-01-01,0,Jan 2006
Estonia,2007-01-01,0,Jan 2007
Estonia,2008-01-01,0,Jan 2008
Estonia,2009-01-01,0,Jan 2009
Estonia,2010-01-01,0,Jan 2010
Estonia,2011-01-01,0,Jan 2011
Estonia,2011-07-01,0,Jul 2011
Estonia,2012-01-01,0,Jan 2012
Estonia,2012-07-01,0,Jul 2012
Estonia,2013-01-01,0,Jan 2013
Estonia,2014-01-01,0,Jan 2014
Estonia,2015-01-01,0,Jan 2015
Estonia,2016-01-01,1,Jan 2016
Estonia,2016-07-01,1,Jul 2016
Estonia,2017-01-01,1,Jan 2017
Estonia,2017-12-01,1,Dec 2017
Estonia,2018-06-01,1,Jun 2018
Estonia,2018-12-01,1,Dec 2018
Estonia,2019-06-01,1,Jun 2019
Europe,1979-01-01,0,Jan 1979
Europe,1984-01-01,0,Jan 1984
Europe,1989-01-01,0,Jan 1989
Europe,1990-01-01,0,Jan 1990
Europe,1991-01-01,0,Jan 1991
Europe,1992-01-01,0,Jan 1992
Europe,1994-01-01,0,Jan 1994
Europe,1995-01-01,0,Jan 1995
Europe,1999-01-01,0,Jan 1999
Europe,2000-01-01,0,Jan 2000
Europe,2001-01-01,0,Jan 2001
Europe,2002-01-01,0,Jan 2002
Europe,2003-01-01,0,Jan 2003
Europe,2004-01-01,0,Jan 2004
Europe,2005-01-01,0,Jan 2005
Europe,2006-01-01,0,Jan 2006
Europe,2007-01-01,0,Jan 2007
Europe,2008-01-01,0,Jan 2008
Europe,2009-01-01,0,Jan 2009
Europe,2010-01-01,0,Jan 2010
Europe,2011-01-01,0,Jan 2011
Europe,2011-07-01,0,Jul 2011
Europe,2012-01-01,0,Jan 2012
Europe,2012-07-01,0,Jul 2012
Europe,2013-01-01,0,Jan 2013
Europe,2014-01-01,0,Jan 2014
Europe,2015-01-01,1,Jan 2015
Europe,2016-01-01,1,Jan 2016
Europe,2016-07-01,1,Jul 2016
Europe,2017-01-01,1,Jan 2017
Europe,2017-12-01,1,Dec 2017
Europe,2018-06-01,1,Jun 2018
Europe,2018-12-01,1,Dec 2018
Europe,2019-06-01,1,Jun 2019
Finland,1979-01-01,0,Jan 1979
Finland,1984-01-01,0,Jan 1984
Finland,1989-01-01,0,Jan 1989
Finland,1990-01-01,0,Jan 1990
Finland,1991-01-01,0,Jan 1991
Finland,1992-01-01,0,Jan 1992
Finland,1994-01-01,0,Jan 1994
Finland,1995-01-01,0,Jan 1995
Finland,1999-01-01,0,Jan 1999
Finland,2000-01-01,0,Jan 2000
Finland,2001-01-01,0,Jan 2001
Finland,2002-01-01,0,Jan 2002
Finland,2003-01-01,0,Jan 2003
Finland,2004-01-01,0,Jan 2004
Finland,2005-01-01,0,Jan 2005
Finland,2006-01-01,0,Jan 2006
Finland,2007-01-01,0,Jan 2007
Finland,2008-01-01,0,Jan 2008
Finland,2009-01-01,2,Jan 2009
Finland,2010-01-01,2,Jan 2010
Finland,2011-01-01,2,Jan 2011
Finland,2011-07-01,2,Jul 2011
Finland,2012-01-01,3,Jan 2012
Finland,2012-07-01,3,Jul 2012
Finland,2013-01-01,4,Jan 2013
Finland,2014-01-01,5,Jan 2014
Finland,2015-01-01,6,Jan 2015
Finland,2016-01-01,7,Jan 2016
Finland,2016-07-01,7,Jul 2016
Finland,2017-01-01,7,Jan 2017
Finland,2017-12-01,7,Dec 2017
Finland,2018-06-01,8,Jun 2018
Finland,2018-12-01,8,Dec 2018
Finland,2019-06-01,9,Jun 2019
France,1979-01-01,0,Jan 1979
France,1984-01-01,0,Jan 1984
France,1989-01-01,0,Jan 1989
France,1990-01-01,0,Jan 1990
France,1991-01-01,0,Jan 1991
France,1992-01-01,0,Jan 1992
France,1994-01-01,0,Jan 1994
France,1995-01-01,0,Jan 1995
France,1999-01-01,0,Jan 1999
France,2000-01-01,0,Jan 2000
France,2001-01-01,0,Jan 2001
France,2002-01-01,0,Jan 2002
France,2003-01-01,0,Jan 2003
France,2004-01-01,1,Jan 2004
France,2005-01-01,1,Jan 2005
France,2006-01-01,1,Jan 2006
France,2007-01-01,1,Jan 2007
France,2008-01-01,1,Jan 2008
France,2009-01-01,3,Jan 2009
France,2010-01-01,3,Jan 2010
France,2011-01-01,3,Jan 2011
France,2011-07-01,3,Jul 2011
France,2012-01-01,3,Jan 2012
France,2012-07-01,3,Jul 2012
France,2013-01-01,6,Jan 2013
France,2014-01-01,8,Jan 2014
France,2015-01-01,13,Jan 2015
France,2016-01-01,18,Jan 2016
France,2016-07-01,18,Jul 2016
France,2017-01-01,19,Jan 2017
France,2017-12-01,20,Dec 2017
France,2018-06-01,24,Jun 2018
France,2018-12-01,24,Dec 2018
France,2019-06-01,25,Jun 2019
Georgia,1979-01-01,0,Jan 1979
Georgia,1984-01-01,0,Jan 1984
Georgia,1989-01-01,0,Jan 1989
Georgia,1990-01-01,0,Jan 1990
Georgia,1991-01-01,0,Jan 1991
Georgia,1992-01-01,0,Jan 1992
Georgia,1994-01-01,0,Jan 1994
Georgia,1995-01-01,0,Jan 1995
Georgia,1999-01-01,0,Jan 1999
Georgia,2000-01-01,0,Jan 2000
Georgia,2001-01-01,0,Jan 2001
Georgia,2002-01-01,0,Jan 2002
Georgia,2003-01-01,0,Jan 2003
Georgia,2004-01-01,0,Jan 2004
Georgia,2005-01-01,0,Jan 2005
Georgia,2006-01-01,0,Jan 2006
Georgia,2007-01-01,0,Jan 2007
Georgia,2008-01-01,0,Jan 2008
Georgia,2009-01-01,0,Jan 2009
Georgia,2010-01-01,0,Jan 2010
Georgia,2011-01-01,0,Jan 2011
Georgia,2011-07-01,0,Jul 2011
Georgia,2012-01-01,0,Jan 2012
Georgia,2012-07-01,0,Jul 2012
Georgia,2013-01-01,0,Jan 2013
Georgia,2014-01-01,0,Jan 2014
Georgia,2015-01-01,0,Jan 2015
Georgia,2016-01-01,1,Jan 2016
Georgia,2016-07-01,1,Jul 2016
Georgia,2017-01-01,1,Jan 2017
Georgia,2017-12-01,1,Dec 2017
Georgia,2018-06-01,1,Jun 2018
Georgia,2018-12-01,1,Dec 2018
Georgia,2019-06-01,1,Jun 2019
Germany,1979-01-01,0,Jan 1979
Germany,1984-01-01,0,Jan 1984
Germany,1989-01-01,0,Jan 1989
Germany,1990-01-01,0,Jan 1990
Germany,1991-01-01,0,Jan 1991
Germany,1992-01-01,0,Jan 1992
Germany,1994-01-01,0,Jan 1994
Germany,1995-01-01,0,Jan 1995
Germany,1999-01-01,0,Jan 1999
Germany,2000-01-01,1,Jan 2000
Germany,2001-01-01,1,Jan 2001
Germany,2002-01-01,1,Jan 2002
Germany,2003-01-01,1,Jan 2003
Germany,2004-01-01,3,Jan 2004
Germany,2005-01-01,3,Jan 2005
Germany,2006-01-01,3,Jan 2006
Germany,2007-01-01,3,Jan 2007
Germany,2008-01-01,4,Jan 2008
Germany,2009-01-01,6,Jan 2009
Germany,2010-01-01,6,Jan 2010
Germany,2011-01-01,7,Jan 2011
Germany,2011-07-01,8,Jul 2011
Germany,2012-01-01,10,Jan 2012
Germany,2012-07-01,10,Jul 2012
Germany,2013-01-01,11,Jan 2013
Germany,2014-01-01,13,Jan 2014
Germany,2015-01-01,15,Jan 2015
Germany,2016-01-01,18,Jan 2016
Germany,2016-07-01,19,Jul 2016
Germany,2017-01-01,25,Jan 2017
Germany,2017-12-01,27,Dec 2017
Germany,2018-06-01,32,Jun 2018
Germany,2018-12-01,34,Dec 2018
Germany,2019-06-01,36,Jun 2019
Greece,1979-01-01,0,Jan 1979
Greece,1984-01-01,0,Jan 1984
Greece,1989-01-01,0,Jan 1989
Greece,1990-01-01,0,Jan 1990
Greece,1991-01-01,0,Jan 1991
Greece,1992-01-01,0,Jan 1992
Greece,1994-01-01,1,Jan 1994
Greece,1995-01-01,1,Jan 1995
Greece,1999-01-01,1,Jan 1999
Greece,2000-01-01,1,Jan 2000
Greece,2001-01-01,1,Jan 2001
Greece,2002-01-01,1,Jan 2002
Greece,2003-01-01,1,Jan 2003
Greece,2004-01-01,1,Jan 2004
Greece,2005-01-01,1,Jan 2005
Greece,2006-01-01,1,Jan 2006
Greece,2007-01-01,1,Jan 2007
Greece,2008-01-01,1,Jan 2008
Greece,2009-01-01,1,Jan 2009
Greece,2010-01-01,1,Jan 2010
Greece,2011-01-01,1,Jan 2011
Greece,2011-07-01,1,Jul 2011
Greece,2012-01-01,1,Jan 2012
Greece,2012-07-01,1,Jul 2012
Greece,2013-01-01,1,Jan 2013
Greece,2014-01-01,1,Jan 2014
Greece,2015-01-01,1,Jan 2015
Greece,2016-01-01,1,Jan 2016
Greece,2016-07-01,1,Jul 2016
Greece,2017-01-01,1,Jan 2017
Greece,2017-12-01,1,Dec 2017
Greece,2018-06-01,1,Jun 2018
Greece,2018-12-01,1,Dec 2018
Greece,2019-06-01,1,Jun 2019
Hong Kong,1979-01-01,0,Jan 1979
Hong Kong,1984-01-01,0,Jan 1984
Hong Kong,1989-01-01,0,Jan 1989
Hong Kong,1990-01-01,0,Jan 1990
Hong Kong,1991-01-01,0,Jan 1991
Hong Kong,1992-01-01,0,Jan 1992
Hong Kong,1994-01-01,0,Jan 1994
Hong Kong,1995-01-01,0,Jan 1995
Hong Kong,1999-01-01,0,Jan 1999
Hong Kong,2000-01-01,0,Jan 2000
Hong Kong,2001-01-01,0,Jan 2001
Hong Kong,2002-01-01,0,Jan 2002
Hong Kong,2003-01-01,0,Jan 2003
Hong Kong,2004-01-01,0,Jan 2004
Hong Kong,2005-01-01,0,Jan 2005
Hong Kong,2006-01-01,0,Jan 2006
Hong Kong,2007-01-01,0,Jan 2007
Hong Kong,2008-01-01,0,Jan 2008
Hong Kong,2009-01-01,0,Jan 2009
Hong Kong,2010-01-01,0,Jan 2010
Hong Kong,2011-01-01,1,Jan 2011
Hong Kong,2011-07-01,1,Jul 2011
Hong Kong,2012-01-01,1,Jan 2012
Hong Kong,2012-07-01,1,Jul 2012
Hong Kong,2013-01-01,1,Jan 2013
Hong Kong,2014-01-01,1,Jan 2014
Hong Kong,2015-01-01,1,Jan 2015
Hong Kong,2016-01-01,2,Jan 2016
Hong Kong,2016-07-01,2,Jul 2016
Hong Kong,2017-01-01,2,Jan 2017
Hong Kong,2017-12-01,2,Dec 2017
Hong Kong,2018-06-01,2,Jun 2018
Hong Kong,2018-12-01,2,Dec 2018
Hong Kong,2019-06-01,2,Jun 2019
Hong Kong ,1979-01-01,0,Jan 1979
Hong Kong ,1984-01-01,0,Jan 1984
Hong Kong ,1989-01-01,0,Jan 1989
Hong Kong ,1990-01-01,0,Jan 1990
Hong Kong ,1991-01-01,0,Jan 1991
Hong Kong ,1992-01-01,0,Jan 1992
Hong Kong ,1994-01-01,0,Jan 1994
Hong Kong ,1995-01-01,0,Jan 1995
Hong Kong ,1999-01-01,0,Jan 1999
Hong Kong ,2000-01-01,0,Jan 2000
Hong Kong ,2001-01-01,0,Jan 2001
Hong Kong ,2002-01-01,0,Jan 2002
Hong Kong ,2003-01-01,0,Jan 2003
Hong Kong ,2004-01-01,0,Jan 2004
Hong Kong ,2005-01-01,0,Jan 2005
Hong Kong ,2006-01-01,0,Jan 2006
Hong Kong ,2007-01-01,0,Jan 2007
Hong Kong ,2008-01-01,0,Jan 2008
Hong Kong ,2009-01-01,0,Jan 2009
Hong Kong ,2010-01-01,0,Jan 2010
Hong Kong ,2011-01-01,0,Jan 2011
Hong Kong ,2011-07-01,0,Jul 2011
Hong Kong ,2012-01-01,0,Jan 2012
Hong Kong ,2012-07-01,0,Jul 2012
Hong Kong ,2013-01-01,0,Jan 2013
Hong Kong ,2014-01-01,1,Jan 2014
Hong Kong ,2015-01-01,1,Jan 2015
Hong Kong ,2016-01-01,1,Jan 2016
Hong Kong ,2016-07-01,1,Jul 2016
Hong Kong ,2017-01-01,1,Jan 2017
Hong Kong ,2017-12-01,1,Dec 2017
Hong Kong ,2018-06-01,1,Jun 2018
Hong Kong ,2018-12-01,1,Dec 2018
Hong Kong ,2019-06-01,1,Jun 2019
Hungary,1979-01-01,0,Jan 1979
Hungary,1984-01-01,0,Jan 1984
Hungary,1989-01-01,0,Jan 1989
Hungary,1990-01-01,0,Jan 1990
Hungary,1991-01-01,0,Jan 1991
Hungary,1992-01-01,0,Jan 1992
Hungary,1994-01-01,0,Jan 1994
Hungary,1995-01-01,0,Jan 1995
Hungary,1999-01-01,0,Jan 1999
Hungary,2000-01-01,0,Jan 2000
Hungary,2001-01-01,0,Jan 2001
Hungary,2002-01-01,0,Jan 2002
Hungary,2003-01-01,0,Jan 2003
Hungary,2004-01-01,0,Jan 2004
Hungary,2005-01-01,0,Jan 2005
Hungary,2006-01-01,0,Jan 2006
Hungary,2007-01-01,0,Jan 2007
Hungary,2008-01-01,0,Jan 2008
Hungary,2009-01-01,0,Jan 2009
Hungary,2010-01-01,0,Jan 2010
Hungary,2011-01-01,0,Jan 2011
Hungary,2011-07-01,0,Jul 2011
Hungary,2012-01-01,0,Jan 2012
Hungary,2012-07-01,0,Jul 2012
Hungary,2013-01-01,0,Jan 2013
Hungary,2014-01-01,0,Jan 2014
Hungary,2015-01-01,1,Jan 2015
Hungary,2016-01-01,2,Jan 2016
Hungary,2016-07-01,2,Jul 2016
Hungary,2017-01-01,4,Jan 2017
Hungary,2017-12-01,4,Dec 2017
Hungary,2018-06-01,4,Jun 2018
Hungary,2018-12-01,4,Dec 2018
Hungary,2019-06-01,4,Jun 2019
Iceland,1979-01-01,0,Jan 1979
Iceland,1984-01-01,0,Jan 1984
Iceland,1989-01-01,0,Jan 1989
Iceland,1990-01-01,0,Jan 1990
Iceland,1991-01-01,0,Jan 1991
Iceland,1992-01-01,0,Jan 1992
Iceland,1994-01-01,0,Jan 1994
Iceland,1995-01-01,0,Jan 1995
Iceland,1999-01-01,0,Jan 1999
Iceland,2000-01-01,0,Jan 2000
Iceland,2001-01-01,0,Jan 2001
Iceland,2002-01-01,0,Jan 2002
Iceland,2003-01-01,0,Jan 2003
Iceland,2004-01-01,0,Jan 2004
Iceland,2005-01-01,0,Jan 2005
Iceland,2006-01-01,0,Jan 2006
Iceland,2007-01-01,0,Jan 2007
Iceland,2008-01-01,0,Jan 2008
Iceland,2009-01-01,0,Jan 2009
Iceland,2010-01-01,0,Jan 2010
Iceland,2011-01-01,0,Jan 2011
Iceland,2011-07-01,0,Jul 2011
Iceland,2012-01-01,0,Jan 2012
Iceland,2012-07-01,0,Jul 2012
Iceland,2013-01-01,0,Jan 2013
Iceland,2014-01-01,1,Jan 2014
Iceland,2015-01-01,1,Jan 2015
Iceland,2016-01-01,1,Jan 2016
Iceland,2016-07-01,1,Jul 2016
Iceland,2017-01-01,1,Jan 2017
Iceland,2017-12-01,1,Dec 2017
Iceland,2018-06-01,1,Jun 2018
Iceland,2018-12-01,1,Dec 2018
Iceland,2019-06-01,1,Jun 2019
India,1979-01-01,0,Jan 1979
India,1984-01-01,0,Jan 1984
India,1989-01-01,0,Jan 1989
India,1990-01-01,0,Jan 1990
India,1991-01-01,0,Jan 1991
India,1992-01-01,0,Jan 1992
India,1994-01-01,0,Jan 1994
India,1995-01-01,0,Jan 1995
India,1999-01-01,0,Jan 1999
India,2000-01-01,0,Jan 2000
India,2001-01-01,0,Jan 2001
India,2002-01-01,0,Jan 2002
India,2003-01-01,0,Jan 2003
India,2004-01-01,0,Jan 2004
India,2005-01-01,0,Jan 2005
India,2006-01-01,1,Jan 2006
India,2007-01-01,2,Jan 2007
India,2008-01-01,2,Jan 2008
India,2009-01-01,5,Jan 2009
India,2010-01-01,6,Jan 2010
India,2011-01-01,6,Jan 2011
India,2011-07-01,6,Jul 2011
India,2012-01-01,8,Jan 2012
India,2012-07-01,8,Jul 2012
India,2013-01-01,8,Jan 2013
India,2014-01-01,16,Jan 2014
India,2015-01-01,19,Jan 2015
India,2016-01-01,23,Jan 2016
India,2016-07-01,24,Jul 2016
India,2017-01-01,28,Jan 2017
India,2017-12-01,28,Dec 2017
India,2018-06-01,36,Jun 2018
India,2018-12-01,38,Dec 2018
India,2019-06-01,39,Jun 2019
Indonesia,1979-01-01,0,Jan 1979
Indonesia,1984-01-01,0,Jan 1984
Indonesia,1989-01-01,0,Jan 1989
Indonesia,1990-01-01,0,Jan 1990
Indonesia,1991-01-01,0,Jan 1991
Indonesia,1992-01-01,0,Jan 1992
Indonesia,1994-01-01,0,Jan 1994
Indonesia,1995-01-01,0,Jan 1995
Indonesia,1999-01-01,0,Jan 1999
Indonesia,2000-01-01,0,Jan 2000
Indonesia,2001-01-01,0,Jan 2001
Indonesia,2002-01-01,0,Jan 2002
Indonesia,2003-01-01,0,Jan 2003
Indonesia,2004-01-01,0,Jan 2004
Indonesia,2005-01-01,0,Jan 2005
Indonesia,2006-01-01,0,Jan 2006
Indonesia,2007-01-01,0,Jan 2007
Indonesia,2008-01-01,0,Jan 2008
Indonesia,2009-01-01,0,Jan 2009
Indonesia,2010-01-01,0,Jan 2010
Indonesia,2011-01-01,0,Jan 2011
Indonesia,2011-07-01,0,Jul 2011
Indonesia,2012-01-01,0,Jan 2012
Indonesia,2012-07-01,0,Jul 2012
Indonesia,2013-01-01,0,Jan 2013
Indonesia,2014-01-01,1,Jan 2014
Indonesia,2015-01-01,1,Jan 2015
Indonesia,2016-01-01,1,Jan 2016
Indonesia,2016-07-01,1,Jul 2016
Indonesia,2017-01-01,2,Jan 2017
Indonesia,2017-12-01,2,Dec 2017
Indonesia,2018-06-01,3,Jun 2018
Indonesia,2018-12-01,3,Dec 2018
Indonesia,2019-06-01,3,Jun 2019
Ireland,1979-01-01,0,Jan 1979
Ireland,1984-01-01,0,Jan 1984
Ireland,1989-01-01,0,Jan 1989
Ireland,1990-01-01,0,Jan 1990
Ireland,1991-01-01,0,Jan 1991
Ireland,1992-01-01,0,Jan 1992
Ireland,1994-01-01,0,Jan 1994
Ireland,1995-01-01,0,Jan 1995
Ireland,1999-01-01,0,Jan 1999
Ireland,2000-01-01,0,Jan 2000
Ireland,2001-01-01,0,Jan 2001
Ireland,2002-01-01,0,Jan 2002
Ireland,2003-01-01,0,Jan 2003
Ireland,2004-01-01,0,Jan 2004
Ireland,2005-01-01,0,Jan 2005
Ireland,2006-01-01,0,Jan 2006
Ireland,2007-01-01,0,Jan 2007
Ireland,2008-01-01,0,Jan 2008
Ireland,2009-01-01,0,Jan 2009
Ireland,2010-01-01,0,Jan 2010
Ireland,2011-01-01,0,Jan 2011
Ireland,2011-07-01,0,Jul 2011
Ireland,2012-01-01,0,Jan 2012
Ireland,2012-07-01,0,Jul 2012
Ireland,2013-01-01,1,Jan 2013
Ireland,2014-01-01,2,Jan 2014
Ireland,2015-01-01,2,Jan 2015
Ireland,2016-01-01,4,Jan 2016
Ireland,2016-07-01,4,Jul 2016
Ireland,2017-01-01,4,Jan 2017
Ireland,2017-12-01,4,Dec 2017
Ireland,2018-06-01,6,Jun 2018
Ireland,2018-12-01,6,Dec 2018
Ireland,2019-06-01,6,Jun 2019
Israel,1979-01-01,0,Jan 1979
Israel,1984-01-01,0,Jan 1984
Israel,1989-01-01,0,Jan 1989
Israel,1990-01-01,0,Jan 1990
Israel,1991-01-01,0,Jan 1991
Israel,1992-01-01,0,Jan 1992
Israel,1994-01-01,0,Jan 1994
Israel,1995-01-01,0,Jan 1995
Israel,1999-01-01,0,Jan 1999
Israel,2000-01-01,0,Jan 2000
Israel,2001-01-01,0,Jan 2001
Israel,2002-01-01,0,Jan 2002
Israel,2003-01-01,0,Jan 2003
Israel,2004-01-01,0,Jan 2004
Israel,2005-01-01,0,Jan 2005
Israel,2006-01-01,0,Jan 2006
Israel,2007-01-01,0,Jan 2007
Israel,2008-01-01,0,Jan 2008
Israel,2009-01-01,0,Jan 2009
Israel,2010-01-01,0,Jan 2010
Israel,2011-01-01,1,Jan 2011
Israel,2011-07-01,1,Jul 2011
Israel,2012-01-01,1,Jan 2012
Israel,2012-07-01,1,Jul 2012
Israel,2013-01-01,1,Jan 2013
Israel,2014-01-01,2,Jan 2014
Israel,2015-01-01,2,Jan 2015
Israel,2016-01-01,2,Jan 2016
Israel,2016-07-01,2,Jul 2016
Israel,2017-01-01,2,Jan 2017
Israel,2017-12-01,2,Dec 2017
Israel,2018-06-01,3,Jun 2018
Israel,2018-12-01,3,Dec 2018
Israel,2019-06-01,3,Jun 2019
Italy,1979-01-01,0,Jan 1979
Italy,1984-01-01,0,Jan 1984
Italy,1989-01-01,0,Jan 1989
Italy,1990-01-01,0,Jan 1990
Italy,1991-01-01,0,Jan 1991
Italy,1992-01-01,0,Jan 1992
Italy,1994-01-01,0,Jan 1994
Italy,1995-01-01,0,Jan 1995
Italy,1999-01-01,0,Jan 1999
Italy,2000-01-01,0,Jan 2000
Italy,2001-01-01,0,Jan 2001
Italy,2002-01-01,0,Jan 2002
Italy,2003-01-01,0,Jan 2003
Italy,2004-01-01,0,Jan 2004
Italy,2005-01-01,0,Jan 2005
Italy,2006-01-01,0,Jan 2006
Italy,2007-01-01,0,Jan 2007
Italy,2008-01-01,0,Jan 2008
Italy,2009-01-01,2,Jan 2009
Italy,2010-01-01,2,Jan 2010
Italy,2011-01-01,2,Jan 2011
Italy,2011-07-01,2,Jul 2011
Italy,2012-01-01,4,Jan 2012
Italy,2012-07-01,4,Jul 2012
Italy,2013-01-01,6,Jan 2013
Italy,2014-01-01,8,Jan 2014
Italy,2015-01-01,9,Jan 2015
Italy,2016-01-01,9,Jan 2016
Italy,2016-07-01,9,Jul 2016
Italy,2017-01-01,13,Jan 2017
Italy,2017-12-01,13,Dec 2017
Italy,2018-06-01,14,Jun 2018
Italy,2018-12-01,14,Dec 2018
Italy,2019-06-01,15,Jun 2019
Japan,1979-01-01,0,Jan 1979
Japan,1984-01-01,0,Jan 1984
Japan,1989-01-01,0,Jan 1989
Japan,1990-01-01,0,Jan 1990
Japan,1991-01-01,0,Jan 1991
Japan,1992-01-01,0,Jan 1992
Japan,1994-01-01,0,Jan 1994
Japan,1995-01-01,0,Jan 1995
Japan,1999-01-01,0,Jan 1999
Japan,2000-01-01,0,Jan 2000
Japan,2001-01-01,0,Jan 2001
Japan,2002-01-01,0,Jan 2002
Japan,2003-01-01,0,Jan 2003
Japan,2004-01-01,0,Jan 2004
Japan,2005-01-01,0,Jan 2005
Japan,2006-01-01,0,Jan 2006
Japan,2007-01-01,0,Jan 2007
Japan,2008-01-01,0,Jan 2008
Japan,2009-01-01,0,Jan 2009
Japan,2010-01-01,0,Jan 2010
Japan,2011-01-01,0,Jan 2011
Japan,2011-07-01,0,Jul 2011
Japan,2012-01-01,0,Jan 2012
Japan,2012-07-01,1,Jul 2012
Japan,2013-01-01,1,Jan 2013
Japan,2014-01-01,2,Jan 2014
Japan,2015-01-01,3,Jan 2015
Japan,2016-01-01,5,Jan 2016
Japan,2016-07-01,5,Jul 2016
Japan,2017-01-01,5,Jan 2017
Japan,2017-12-01,5,Dec 2017
Japan,2018-06-01,6,Jun 2018
Japan,2018-12-01,6,Dec 2018
Japan,2019-06-01,6,Jun 2019
Kenya,1979-01-01,0,Jan 1979
Kenya,1984-01-01,0,Jan 1984
Kenya,1989-01-01,0,Jan 1989
Kenya,1990-01-01,0,Jan 1990
Kenya,1991-01-01,0,Jan 1991
Kenya,1992-01-01,0,Jan 1992
Kenya,1994-01-01,0,Jan 1994
Kenya,1995-01-01,0,Jan 1995
Kenya,1999-01-01,0,Jan 1999
Kenya,2000-01-01,0,Jan 2000
Kenya,2001-01-01,0,Jan 2001
Kenya,2002-01-01,1,Jan 2002
Kenya,2003-01-01,1,Jan 2003
Kenya,2004-01-01,1,Jan 2004
Kenya,2005-01-01,1,Jan 2005
Kenya,2006-01-01,1,Jan 2006
Kenya,2007-01-01,1,Jan 2007
Kenya,2008-01-01,1,Jan 2008
Kenya,2009-01-01,1,Jan 2009
Kenya,2010-01-01,1,Jan 2010
Kenya,2011-01-01,1,Jan 2011
Kenya,2011-07-01,1,Jul 2011
Kenya,2012-01-01,1,Jan 2012
Kenya,2012-07-01,1,Jul 2012
Kenya,2013-01-01,2,Jan 2013
Kenya,2014-01-01,2,Jan 2014
Kenya,2015-01-01,2,Jan 2015
Kenya,2016-01-01,3,Jan 2016
Kenya,2016-07-01,3,Jul 2016
Kenya,2017-01-01,4,Jan 2017
Kenya,2017-12-01,4,Dec 2017
Kenya,2018-06-01,4,Jun 2018
Kenya,2018-12-01,4,Dec 2018
Kenya,2019-06-01,5,Jun 2019
Kuwait,1979-01-01,0,Jan 1979
Kuwait,1984-01-01,0,Jan 1984
Kuwait,1989-01-01,0,Jan 1989
Kuwait,1990-01-01,0,Jan 1990
Kuwait,1991-01-01,0,Jan 1991
Kuwait,1992-01-01,0,Jan 1992
Kuwait,1994-01-01,0,Jan 1994
Kuwait,1995-01-01,0,Jan 1995
Kuwait,1999-01-01,0,Jan 1999
Kuwait,2000-01-01,0,Jan 2000
Kuwait,2001-01-01,0,Jan 2001
Kuwait,2002-01-01,0,Jan 2002
Kuwait,2003-01-01,0,Jan 2003
Kuwait,2004-01-01,0,Jan 2004
Kuwait,2005-01-01,0,Jan 2005
Kuwait,2006-01-01,0,Jan 2006
Kuwait,2007-01-01,0,Jan 2007
Kuwait,2008-01-01,0,Jan 2008
Kuwait,2009-01-01,0,Jan 2009
Kuwait,2010-01-01,0,Jan 2010
Kuwait,2011-01-01,0,Jan 2011
Kuwait,2011-07-01,0,Jul 2011
Kuwait,2012-01-01,0,Jan 2012
Kuwait,2012-07-01,0,Jul 2012
Kuwait,2013-01-01,1,Jan 2013
Kuwait,2014-01-01,1,Jan 2014
Kuwait,2015-01-01,1,Jan 2015
Kuwait,2016-01-01,1,Jan 2016
Kuwait,2016-07-01,1,Jul 2016
Kuwait,2017-01-01,1,Jan 2017
Kuwait,2017-12-01,1,Dec 2017
Kuwait,2018-06-01,1,Jun 2018
Kuwait,2018-12-01,1,Dec 2018
Kuwait,2019-06-01,1,Jun 2019
Lebanon,1979-01-01,0,Jan 1979
Lebanon,1984-01-01,0,Jan 1984
Lebanon,1989-01-01,0,Jan 1989
Lebanon,1990-01-01,0,Jan 1990
Lebanon,1991-01-01,0,Jan 1991
Lebanon,1992-01-01,0,Jan 1992
Lebanon,1994-01-01,0,Jan 1994
Lebanon,1995-01-01,0,Jan 1995
Lebanon,1999-01-01,0,Jan 1999
Lebanon,2000-01-01,0,Jan 2000
Lebanon,2001-01-01,0,Jan 2001
Lebanon,2002-01-01,0,Jan 2002
Lebanon,2003-01-01,0,Jan 2003
Lebanon,2004-01-01,0,Jan 2004
Lebanon,2005-01-01,0,Jan 2005
Lebanon,2006-01-01,0,Jan 2006
Lebanon,2007-01-01,0,Jan 2007
Lebanon,2008-01-01,0,Jan 2008
Lebanon,2009-01-01,0,Jan 2009
Lebanon,2010-01-01,0,Jan 2010
Lebanon,2011-01-01,0,Jan 2011
Lebanon,2011-07-01,0,Jul 2011
Lebanon,2012-01-01,1,Jan 2012
Lebanon,2012-07-01,1,Jul 2012
Lebanon,2013-01-01,1,Jan 2013
Lebanon,2014-01-01,1,Jan 2014
Lebanon,2015-01-01,1,Jan 2015
Lebanon,2016-01-01,1,Jan 2016
Lebanon,2016-07-01,1,Jul 2016
Lebanon,2017-01-01,1,Jan 2017
Lebanon,2017-12-01,1,Dec 2017
Lebanon,2018-06-01,1,Jun 2018
Lebanon,2018-12-01,1,Dec 2018
Lebanon,2019-06-01,1,Jun 2019
Luxembourg,1979-01-01,0,Jan 1979
Luxembourg,1984-01-01,0,Jan 1984
Luxembourg,1989-01-01,0,Jan 1989
Luxembourg,1990-01-01,0,Jan 1990
Luxembourg,1991-01-01,0,Jan 1991
Luxembourg,1992-01-01,0,Jan 1992
Luxembourg,1994-01-01,0,Jan 1994
Luxembourg,1995-01-01,0,Jan 1995
Luxembourg,1999-01-01,0,Jan 1999
Luxembourg,2000-01-01,0,Jan 2000
Luxembourg,2001-01-01,0,Jan 2001
Luxembourg,2002-01-01,0,Jan 2002
Luxembourg,2003-01-01,0,Jan 2003
Luxembourg,2004-01-01,1,Jan 2004
Luxembourg,2005-01-01,1,Jan 2005
Luxembourg,2006-01-01,1,Jan 2006
Luxembourg,2007-01-01,1,Jan 2007
Luxembourg,2008-01-01,1,Jan 2008
Luxembourg,2009-01-01,1,Jan 2009
Luxembourg,2010-01-01,1,Jan 2010
Luxembourg,2011-01-01,1,Jan 2011
Luxembourg,2011-07-01,1,Jul 2011
Luxembourg,2012-01-01,1,Jan 2012
Luxembourg,2012-07-01,1,Jul 2012
Luxembourg,2013-01-01,1,Jan 2013
Luxembourg,2014-01-01,1,Jan 2014
Luxembourg,2015-01-01,3,Jan 2015
Luxembourg,2016-01-01,3,Jan 2016
Luxembourg,2016-07-01,3,Jul 2016
Luxembourg,2017-01-01,3,Jan 2017
Luxembourg,2017-12-01,3,Dec 2017
Luxembourg,2018-06-01,3,Jun 2018
Luxembourg,2018-12-01,3,Dec 2018
Luxembourg,2019-06-01,3,Jun 2019
Madagascar,1979-01-01,0,Jan 1979
Madagascar,1984-01-01,0,Jan 1984
Madagascar,1989-01-01,0,Jan 1989
Madagascar,1990-01-01,0,Jan 1990
Madagascar,1991-01-01,0,Jan 1991
Madagascar,1992-01-01,0,Jan 1992
Madagascar,1994-01-01,0,Jan 1994
Madagascar,1995-01-01,0,Jan 1995
Madagascar,1999-01-01,0,Jan 1999
Madagascar,2000-01-01,0,Jan 2000
Madagascar,2001-01-01,0,Jan 2001
Madagascar,2002-01-01,0,Jan 2002
Madagascar,2003-01-01,0,Jan 2003
Madagascar,2004-01-01,0,Jan 2004
Madagascar,2005-01-01,0,Jan 2005
Madagascar,2006-01-01,0,Jan 2006
Madagascar,2007-01-01,0,Jan 2007
Madagascar,2008-01-01,0,Jan 2008
Madagascar,2009-01-01,0,Jan 2009
Madagascar,2010-01-01,0,Jan 2010
Madagascar,2011-01-01,0,Jan 2011
Madagascar,2011-07-01,0,Jul 2011
Madagascar,2012-01-01,0,Jan 2012
Madagascar,2012-07-01,0,Jul 2012
Madagascar,2013-01-01,0,Jan 2013
Madagascar,2014-01-01,0,Jan 2014
Madagascar,2015-01-01,0,Jan 2015
Madagascar,2016-01-01,1,Jan 2016
Madagascar,2016-07-01,1,Jul 2016
Madagascar,2017-01-01,1,Jan 2017
Madagascar,2017-12-01,1,Dec 2017
Madagascar,2018-06-01,1,Jun 2018
Madagascar,2018-12-01,1,Dec 2018
Madagascar,2019-06-01,1,Jun 2019
Malaysia,1979-01-01,0,Jan 1979
Malaysia,1984-01-01,0,Jan 1984
Malaysia,1989-01-01,0,Jan 1989
Malaysia,1990-01-01,0,Jan 1990
Malaysia,1991-01-01,0,Jan 1991
Malaysia,1992-01-01,0,Jan 1992
Malaysia,1994-01-01,0,Jan 1994
Malaysia,1995-01-01,0,Jan 1995
Malaysia,1999-01-01,0,Jan 1999
Malaysia,2000-01-01,0,Jan 2000
Malaysia,2001-01-01,0,Jan 2001
Malaysia,2002-01-01,0,Jan 2002
Malaysia,2003-01-01,0,Jan 2003
Malaysia,2004-01-01,0,Jan 2004
Malaysia,2005-01-01,0,Jan 2005
Malaysia,2006-01-01,0,Jan 2006
Malaysia,2007-01-01,0,Jan 2007
Malaysia,2008-01-01,0,Jan 2008
Malaysia,2009-01-01,0,Jan 2009
Malaysia,2010-01-01,0,Jan 2010
Malaysia,2011-01-01,0,Jan 2011
Malaysia,2011-07-01,0,Jul 2011
Malaysia,2012-01-01,0,Jan 2012
Malaysia,2012-07-01,0,Jul 2012
Malaysia,2013-01-01,0,Jan 2013
Malaysia,2014-01-01,0,Jan 2014
Malaysia,2015-01-01,1,Jan 2015
Malaysia,2016-01-01,1,Jan 2016
Malaysia,2016-07-01,1,Jul 2016
Malaysia,2017-01-01,2,Jan 2017
Malaysia,2017-12-01,2,Dec 2017
Malaysia,2018-06-01,2,Jun 2018
Malaysia,2018-12-01,2,Dec 2018
Malaysia,2019-06-01,2,Jun 2019
Mexico,1979-01-01,0,Jan 1979
Mexico,1984-01-01,0,Jan 1984
Mexico,1989-01-01,0,Jan 1989
Mexico,1990-01-01,0,Jan 1990
Mexico,1991-01-01,0,Jan 1991
Mexico,1992-01-01,0,Jan 1992
Mexico,1994-01-01,0,Jan 1994
Mexico,1995-01-01,0,Jan 1995
Mexico,1999-01-01,0,Jan 1999
Mexico,2000-01-01,0,Jan 2000
Mexico,2001-01-01,0,Jan 2001
Mexico,2002-01-01,0,Jan 2002
Mexico,2003-01-01,0,Jan 2003
Mexico,2004-01-01,1,Jan 2004
Mexico,2005-01-01,1,Jan 2005
Mexico,2006-01-01,2,Jan 2006
Mexico,2007-01-01,2,Jan 2007
Mexico,2008-01-01,2,Jan 2008
Mexico,2009-01-01,3,Jan 2009
Mexico,2010-01-01,3,Jan 2010
Mexico,2011-01-01,4,Jan 2011
Mexico,2011-07-01,4,Jul 2011
Mexico,2012-01-01,5,Jan 2012
Mexico,2012-07-01,5,Jul 2012
Mexico,2013-01-01,6,Jan 2013
Mexico,2014-01-01,9,Jan 2014
Mexico,2015-01-01,12,Jan 2015
Mexico,2016-01-01,13,Jan 2016
Mexico,2016-07-01,13,Jul 2016
Mexico,2017-01-01,23,Jan 2017
Mexico,2017-12-01,23,Dec 2017
Mexico,2018-06-01,26,Jun 2018
Mexico,2018-12-01,26,Dec 2018
Mexico,2019-06-01,28,Jun 2019
Netherlands,1979-01-01,0,Jan 1979
Netherlands,1984-01-01,0,Jan 1984
Netherlands,1989-01-01,0,Jan 1989
Netherlands,1990-01-01,0,Jan 1990
Netherlands,1991-01-01,0,Jan 1991
Netherlands,1992-01-01,0,Jan 1992
Netherlands,1994-01-01,0,Jan 1994
Netherlands,1995-01-01,0,Jan 1995
Netherlands,1999-01-01,0,Jan 1999
Netherlands,2000-01-01,0,Jan 2000
Netherlands,2001-01-01,0,Jan 2001
Netherlands,2002-01-01,0,Jan 2002
Netherlands,2003-01-01,0,Jan 2003
Netherlands,2004-01-01,1,Jan 2004
Netherlands,2005-01-01,1,Jan 2005
Netherlands,2006-01-01,1,Jan 2006
Netherlands,2007-01-01,1,Jan 2007
Netherlands,2008-01-01,1,Jan 2008
Netherlands,2009-01-01,1,Jan 2009
Netherlands,2010-01-01,1,Jan 2010
Netherlands,2011-01-01,1,Jan 2011
Netherlands,2011-07-01,1,Jul 2011
Netherlands,2012-01-01,2,Jan 2012
Netherlands,2012-07-01,2,Jul 2012
Netherlands,2013-01-01,3,Jan 2013
Netherlands,2014-01-01,5,Jan 2014
Netherlands,2015-01-01,7,Jan 2015
Netherlands,2016-01-01,8,Jan 2016
Netherlands,2016-07-01,8,Jul 2016
Netherlands,2017-01-01,11,Jan 2017
Netherlands,2017-12-01,11,Dec 2017
Netherlands,2018-06-01,12,Jun 2018
Netherlands,2018-12-01,12,Dec 2018
Netherlands,2019-06-01,12,Jun 2019
New Zealand,1979-01-01,0,Jan 1979
New Zealand,1984-01-01,0,Jan 1984
New Zealand,1989-01-01,0,Jan 1989
New Zealand,1990-01-01,0,Jan 1990
New Zealand,1991-01-01,0,Jan 1991
New Zealand,1992-01-01,0,Jan 1992
New Zealand,1994-01-01,0,Jan 1994
New Zealand,1995-01-01,0,Jan 1995
New Zealand,1999-01-01,0,Jan 1999
New Zealand,2000-01-01,0,Jan 2000
New Zealand,2001-01-01,0,Jan 2001
New Zealand,2002-01-01,0,Jan 2002
New Zealand,2003-01-01,0,Jan 2003
New Zealand,2004-01-01,0,Jan 2004
New Zealand,2005-01-01,1,Jan 2005
New Zealand,2006-01-01,1,Jan 2006
New Zealand,2007-01-01,1,Jan 2007
New Zealand,2008-01-01,1,Jan 2008
New Zealand,2009-01-01,2,Jan 2009
New Zealand,2010-01-01,2,Jan 2010
New Zealand,2011-01-01,2,Jan 2011
New Zealand,2011-07-01,2,Jul 2011
New Zealand,2012-01-01,2,Jan 2012
New Zealand,2012-07-01,2,Jul 2012
New Zealand,2013-01-01,2,Jan 2013
New Zealand,2014-01-01,4,Jan 2014
New Zealand,2015-01-01,5,Jan 2015
New Zealand,2016-01-01,6,Jan 2016
New Zealand,2016-07-01,6,Jul 2016
New Zealand,2017-01-01,6,Jan 2017
New Zealand,2017-12-01,6,Dec 2017
New Zealand,2018-06-01,6,Jun 2018
New Zealand,2018-12-01,6,Dec 2018
New Zealand,2019-06-01,6,Jun 2019
Nigeria,1979-01-01,0,Jan 1979
Nigeria,1984-01-01,0,Jan 1984
Nigeria,1989-01-01,0,Jan 1989
Nigeria,1990-01-01,0,Jan 1990
Nigeria,1991-01-01,0,Jan 1991
Nigeria,1992-01-01,0,Jan 1992
Nigeria,1994-01-01,0,Jan 1994
Nigeria,1995-01-01,0,Jan 1995
Nigeria,1999-01-01,0,Jan 1999
Nigeria,2000-01-01,0,Jan 2000
Nigeria,2001-01-01,0,Jan 2001
Nigeria,2002-01-01,0,Jan 2002
Nigeria,2003-01-01,0,Jan 2003
Nigeria,2004-01-01,0,Jan 2004
Nigeria,2005-01-01,0,Jan 2005
Nigeria,2006-01-01,0,Jan 2006
Nigeria,2007-01-01,0,Jan 2007
Nigeria,2008-01-01,0,Jan 2008
Nigeria,2009-01-01,0,Jan 2009
Nigeria,2010-01-01,1,Jan 2010
Nigeria,2011-01-01,1,Jan 2011
Nigeria,2011-07-01,1,Jul 2011
Nigeria,2012-01-01,1,Jan 2012
Nigeria,2012-07-01,1,Jul 2012
Nigeria,2013-01-01,1,Jan 2013
Nigeria,2014-01-01,1,Jan 2014
Nigeria,2015-01-01,1,Jan 2015
Nigeria,2016-01-01,2,Jan 2016
Nigeria,2016-07-01,2,Jul 2016
Nigeria,2017-01-01,2,Jan 2017
Nigeria,2017-12-01,2,Dec 2017
Nigeria,2018-06-01,2,Jun 2018
Nigeria,2018-12-01,2,Dec 2018
Nigeria,2019-06-01,2,Jun 2019
Norway,1979-01-01,0,Jan 1979
Norway,1984-01-01,0,Jan 1984
Norway,1989-01-01,0,Jan 1989
Norway,1990-01-01,0,Jan 1990
Norway,1991-01-01,0,Jan 1991
Norway,1992-01-01,0,Jan 1992
Norway,1994-01-01,0,Jan 1994
Norway,1995-01-01,0,Jan 1995
Norway,1999-01-01,0,Jan 1999
Norway,2000-01-01,0,Jan 2000
Norway,2001-01-01,0,Jan 2001
Norway,2002-01-01,0,Jan 2002
Norway,2003-01-01,0,Jan 2003
Norway,2004-01-01,0,Jan 2004
Norway,2005-01-01,0,Jan 2005
Norway,2006-01-01,0,Jan 2006
Norway,2007-01-01,0,Jan 2007
Norway,2008-01-01,0,Jan 2008
Norway,2009-01-01,0,Jan 2009
Norway,2010-01-01,0,Jan 2010
Norway,2011-01-01,0,Jan 2011
Norway,2011-07-01,0,Jul 2011
Norway,2012-01-01,0,Jan 2012
Norway,2012-07-01,0,Jul 2012
Norway,2013-01-01,2,Jan 2013
Norway,2014-01-01,3,Jan 2014
Norway,2015-01-01,4,Jan 2015
Norway,2016-01-01,4,Jan 2016
Norway,2016-07-01,4,Jul 2016
Norway,2017-01-01,4,Jan 2017
Norway,2017-12-01,4,Dec 2017
Norway,2018-06-01,5,Jun 2018
Norway,2018-12-01,6,Dec 2018
Norway,2019-06-01,6,Jun 2019
Not specified,1979-01-01,0,Jan 1979
Not specified,1984-01-01,0,Jan 1984
Not specified,1989-01-01,0,Jan 1989
Not specified,1990-01-01,0,Jan 1990
Not specified,1991-01-01,0,Jan 1991
Not specified,1992-01-01,0,Jan 1992
Not specified,1994-01-01,1,Jan 1994
Not specified,1995-01-01,1,Jan 1995
Not specified,1999-01-01,3,Jan 1999
Not specified,2000-01-01,3,Jan 2000
Not specified,2001-01-01,3,Jan 2001
Not specified,2002-01-01,3,Jan 2002
Not specified,2003-01-01,3,Jan 2003
Not specified,2004-01-01,4,Jan 2004
Not specified,2005-01-01,6,Jan 2005
Not specified,2006-01-01,6,Jan 2006
Not specified,2007-01-01,6,Jan 2007
Not specified,2008-01-01,6,Jan 2008
Not specified,2009-01-01,9,Jan 2009
Not specified,2010-01-01,10,Jan 2010
Not specified,2011-01-01,11,Jan 2011
Not specified,2011-07-01,11,Jul 2011
Not specified,2012-01-01,13,Jan 2012
Not specified,2012-07-01,13,Jul 2012
Not specified,2013-01-01,15,Jan 2013
Not specified,2014-01-01,17,Jan 2014
Not specified,2015-01-01,21,Jan 2015
Not specified,2016-01-01,27,Jan 2016
Not specified,2016-07-01,27,Jul 2016
Not specified,2017-01-01,35,Jan 2017
Not specified,2017-12-01,36,Dec 2017
Not specified,2018-06-01,39,Jun 2018
Not specified,2018-12-01,39,Dec 2018
Not specified,2019-06-01,41,Jun 2019
Pakistan,1979-01-01,0,Jan 1979
Pakistan,1984-01-01,0,Jan 1984
Pakistan,1989-01-01,0,Jan 1989
Pakistan,1990-01-01,0,Jan 1990
Pakistan,1991-01-01,0,Jan 1991
Pakistan,1992-01-01,0,Jan 1992
Pakistan,1994-01-01,0,Jan 1994
Pakistan,1995-01-01,0,Jan 1995
Pakistan,1999-01-01,0,Jan 1999
Pakistan,2000-01-01,0,Jan 2000
Pakistan,2001-01-01,0,Jan 2001
Pakistan,2002-01-01,0,Jan 2002
Pakistan,2003-01-01,0,Jan 2003
Pakistan,2004-01-01,0,Jan 2004
Pakistan,2005-01-01,0,Jan 2005
Pakistan,2006-01-01,0,Jan 2006
Pakistan,2007-01-01,0,Jan 2007
Pakistan,2008-01-01,0,Jan 2008
Pakistan,2009-01-01,0,Jan 2009
Pakistan,2010-01-01,0,Jan 2010
Pakistan,2011-01-01,0,Jan 2011
Pakistan,2011-07-01,0,Jul 2011
Pakistan,2012-01-01,0,Jan 2012
Pakistan,2012-07-01,0,Jul 2012
Pakistan,2013-01-01,0,Jan 2013
Pakistan,2014-01-01,0,Jan 2014
Pakistan,2015-01-01,0,Jan 2015
Pakistan,2016-01-01,0,Jan 2016
Pakistan,2016-07-01,0,Jul 2016
Pakistan,2017-01-01,0,Jan 2017
Pakistan,2017-12-01,0,Dec 2017
Pakistan,2018-06-01,1,Jun 2018
Pakistan,2018-12-01,1,Dec 2018
Pakistan,2019-06-01,1,Jun 2019
Panama,1979-01-01,0,Jan 1979
Panama,1984-01-01,0,Jan 1984
Panama,1989-01-01,0,Jan 1989
Panama,1990-01-01,0,Jan 1990
Panama,1991-01-01,0,Jan 1991
Panama,1992-01-01,0,Jan 1992
Panama,1994-01-01,0,Jan 1994
Panama,1995-01-01,0,Jan 1995
Panama,1999-01-01,1,Jan 1999
Panama,2000-01-01,1,Jan 2000
Panama,2001-01-01,1,Jan 2001
Panama,2002-01-01,1,Jan 2002
Panama,2003-01-01,1,Jan 2003
Panama,2004-01-01,1,Jan 2004
Panama,2005-01-01,1,Jan 2005
Panama,2006-01-01,1,Jan 2006
Panama,2007-01-01,1,Jan 2007
Panama,2008-01-01,1,Jan 2008
Panama,2009-01-01,1,Jan 2009
Panama,2010-01-01,1,Jan 2010
Panama,2011-01-01,1,Jan 2011
Panama,2011-07-01,1,Jul 2011
Panama,2012-01-01,1,Jan 2012
Panama,2012-07-01,1,Jul 2012
Panama,2013-01-01,1,Jan 2013
Panama,2014-01-01,1,Jan 2014
Panama,2015-01-01,1,Jan 2015
Panama,2016-01-01,1,Jan 2016
Panama,2016-07-01,1,Jul 2016
Panama,2017-01-01,1,Jan 2017
Panama,2017-12-01,1,Dec 2017
Panama,2018-06-01,1,Jun 2018
Panama,2018-12-01,1,Dec 2018
Panama,2019-06-01,1,Jun 2019
Peru,1979-01-01,0,Jan 1979
Peru,1984-01-01,0,Jan 1984
Peru,1989-01-01,0,Jan 1989
Peru,1990-01-01,0,Jan 1990
Peru,1991-01-01,0,Jan 1991
Peru,1992-01-01,0,Jan 1992
Peru,1994-01-01,0,Jan 1994
Peru,1995-01-01,0,Jan 1995
Peru,1999-01-01,0,Jan 1999
Peru,2000-01-01,0,Jan 2000
Peru,2001-01-01,0,Jan 2001
Peru,2002-01-01,0,Jan 2002
Peru,2003-01-01,0,Jan 2003
Peru,2004-01-01,0,Jan 2004
Peru,2005-01-01,0,Jan 2005
Peru,2006-01-01,0,Jan 2006
Peru,2007-01-01,0,Jan 2007
Peru,2008-01-01,0,Jan 2008
Peru,2009-01-01,0,Jan 2009
Peru,2010-01-01,0,Jan 2010
Peru,2011-01-01,0,Jan 2011
Peru,2011-07-01,0,Jul 2011
Peru,2012-01-01,0,Jan 2012
Peru,2012-07-01,0,Jul 2012
Peru,2013-01-01,0,Jan 2013
Peru,2014-01-01,0,Jan 2014
Peru,2015-01-01,0,Jan 2015
Peru,2016-01-01,1,Jan 2016
Peru,2016-07-01,1,Jul 2016
Peru,2017-01-01,1,Jan 2017
Peru,2017-12-01,1,Dec 2017
Peru,2018-06-01,1,Jun 2018
Peru,2018-12-01,1,Dec 2018
Peru,2019-06-01,1,Jun 2019
Philippines,1979-01-01,0,Jan 1979
Philippines,1984-01-01,0,Jan 1984
Philippines,1989-01-01,0,Jan 1989
Philippines,1990-01-01,0,Jan 1990
Philippines,1991-01-01,0,Jan 1991
Philippines,1992-01-01,0,Jan 1992
Philippines,1994-01-01,0,Jan 1994
Philippines,1995-01-01,0,Jan 1995
Philippines,1999-01-01,0,Jan 1999
Philippines,2000-01-01,0,Jan 2000
Philippines,2001-01-01,0,Jan 2001
Philippines,2002-01-01,0,Jan 2002
Philippines,2003-01-01,0,Jan 2003
Philippines,2004-01-01,0,Jan 2004
Philippines,2005-01-01,0,Jan 2005
Philippines,2006-01-01,0,Jan 2006
Philippines,2007-01-01,0,Jan 2007
Philippines,2008-01-01,0,Jan 2008
Philippines,2009-01-01,0,Jan 2009
Philippines,2010-01-01,0,Jan 2010
Philippines,2011-01-01,0,Jan 2011
Philippines,2011-07-01,0,Jul 2011
Philippines,2012-01-01,0,Jan 2012
Philippines,2012-07-01,0,Jul 2012
Philippines,2013-01-01,0,Jan 2013
Philippines,2014-01-01,0,Jan 2014
Philippines,2015-01-01,0,Jan 2015
Philippines,2016-01-01,0,Jan 2016
Philippines,2016-07-01,0,Jul 2016
Philippines,2017-01-01,0,Jan 2017
Philippines,2017-12-01,0,Dec 2017
Philippines,2018-06-01,0,Jun 2018
Philippines,2018-12-01,1,Dec 2018
Philippines,2019-06-01,1,Jun 2019
Poland,1979-01-01,0,Jan 1979
Poland,1984-01-01,0,Jan 1984
Poland,1989-01-01,0,Jan 1989
Poland,1990-01-01,0,Jan 1990
Poland,1991-01-01,0,Jan 1991
Poland,1992-01-01,0,Jan 1992
Poland,1994-01-01,0,Jan 1994
Poland,1995-01-01,0,Jan 1995
Poland,1999-01-01,0,Jan 1999
Poland,2000-01-01,0,Jan 2000
Poland,2001-01-01,0,Jan 2001
Poland,2002-01-01,0,Jan 2002
Poland,2003-01-01,0,Jan 2003
Poland,2004-01-01,0,Jan 2004
Poland,2005-01-01,0,Jan 2005
Poland,2006-01-01,0,Jan 2006
Poland,2007-01-01,0,Jan 2007
Poland,2008-01-01,0,Jan 2008
Poland,2009-01-01,0,Jan 2009
Poland,2010-01-01,0,Jan 2010
Poland,2011-01-01,1,Jan 2011
Poland,2011-07-01,1,Jul 2011
Poland,2012-01-01,1,Jan 2012
Poland,2012-07-01,1,Jul 2012
Poland,2013-01-01,1,Jan 2013
Poland,2014-01-01,2,Jan 2014
Poland,2015-01-01,2,Jan 2015
Poland,2016-01-01,2,Jan 2016
Poland,2016-07-01,2,Jul 2016
Poland,2017-01-01,3,Jan 2017
Poland,2017-12-01,3,Dec 2017
Poland,2018-06-01,4,Jun 2018
Poland,2018-12-01,4,Dec 2018
Poland,2019-06-01,5,Jun 2019
Portugal,1979-01-01,0,Jan 1979
Portugal,1984-01-01,0,Jan 1984
Portugal,1989-01-01,0,Jan 1989
Portugal,1990-01-01,0,Jan 1990
Portugal,1991-01-01,0,Jan 1991
Portugal,1992-01-01,0,Jan 1992
Portugal,1994-01-01,0,Jan 1994
Portugal,1995-01-01,0,Jan 1995
Portugal,1999-01-01,0,Jan 1999
Portugal,2000-01-01,0,Jan 2000
Portugal,2001-01-01,0,Jan 2001
Portugal,2002-01-01,0,Jan 2002
Portugal,2003-01-01,0,Jan 2003
Portugal,2004-01-01,0,Jan 2004
Portugal,2005-01-01,0,Jan 2005
Portugal,2006-01-01,0,Jan 2006
Portugal,2007-01-01,0,Jan 2007
Portugal,2008-01-01,0,Jan 2008
Portugal,2009-01-01,0,Jan 2009
Portugal,2010-01-01,0,Jan 2010
Portugal,2011-01-01,0,Jan 2011
Portugal,2011-07-01,0,Jul 2011
Portugal,2012-01-01,0,Jan 2012
Portugal,2012-07-01,0,Jul 2012
Portugal,2013-01-01,0,Jan 2013
Portugal,2014-01-01,0,Jan 2014
Portugal,2015-01-01,0,Jan 2015
Portugal,2016-01-01,2,Jan 2016
Portugal,2016-07-01,2,Jul 2016
Portugal,2017-01-01,4,Jan 2017
Portugal,2017-12-01,4,Dec 2017
Portugal,2018-06-01,4,Jun 2018
Portugal,2018-12-01,4,Dec 2018
Portugal,2019-06-01,4,Jun 2019
Qatar,1979-01-01,0,Jan 1979
Qatar,1984-01-01,0,Jan 1984
Qatar,1989-01-01,0,Jan 1989
Qatar,1990-01-01,0,Jan 1990
Qatar,1991-01-01,0,Jan 1991
Qatar,1992-01-01,0,Jan 1992
Qatar,1994-01-01,0,Jan 1994
Qatar,1995-01-01,0,Jan 1995
Qatar,1999-01-01,0,Jan 1999
Qatar,2000-01-01,0,Jan 2000
Qatar,2001-01-01,0,Jan 2001
Qatar,2002-01-01,0,Jan 2002
Qatar,2003-01-01,0,Jan 2003
Qatar,2004-01-01,0,Jan 2004
Qatar,2005-01-01,0,Jan 2005
Qatar,2006-01-01,0,Jan 2006
Qatar,2007-01-01,0,Jan 2007
Qatar,2008-01-01,0,Jan 2008
Qatar,2009-01-01,0,Jan 2009
Qatar,2010-01-01,0,Jan 2010
Qatar,2011-01-01,0,Jan 2011
Qatar,2011-07-01,0,Jul 2011
Qatar,2012-01-01,0,Jan 2012
Qatar,2012-07-01,0,Jul 2012
Qatar,2013-01-01,0,Jan 2013
Qatar,2014-01-01,0,Jan 2014
Qatar,2015-01-01,1,Jan 2015
Qatar,2016-01-01,1,Jan 2016
Qatar,2016-07-01,1,Jul 2016
Qatar,2017-01-01,1,Jan 2017
Qatar,2017-12-01,1,Dec 2017
Qatar,2018-06-01,1,Jun 2018
Qatar,2018-12-01,1,Dec 2018
Qatar,2019-06-01,1,Jun 2019
Romania,1979-01-01,0,Jan 1979
Romania,1984-01-01,0,Jan 1984
Romania,1989-01-01,0,Jan 1989
Romania,1990-01-01,0,Jan 1990
Romania,1991-01-01,0,Jan 1991
Romania,1992-01-01,0,Jan 1992
Romania,1994-01-01,0,Jan 1994
Romania,1995-01-01,0,Jan 1995
Romania,1999-01-01,0,Jan 1999
Romania,2000-01-01,0,Jan 2000
Romania,2001-01-01,0,Jan 2001
Romania,2002-01-01,0,Jan 2002
Romania,2003-01-01,0,Jan 2003
Romania,2004-01-01,0,Jan 2004
Romania,2005-01-01,0,Jan 2005
Romania,2006-01-01,0,Jan 2006
Romania,2007-01-01,0,Jan 2007
Romania,2008-01-01,0,Jan 2008
Romania,2009-01-01,0,Jan 2009
Romania,2010-01-01,0,Jan 2010
Romania,2011-01-01,0,Jan 2011
Romania,2011-07-01,0,Jul 2011
Romania,2012-01-01,0,Jan 2012
Romania,2012-07-01,0,Jul 2012
Romania,2013-01-01,0,Jan 2013
Romania,2014-01-01,1,Jan 2014
Romania,2015-01-01,1,Jan 2015
Romania,2016-01-01,1,Jan 2016
Romania,2016-07-01,1,Jul 2016
Romania,2017-01-01,1,Jan 2017
Romania,2017-12-01,1,Dec 2017
Romania,2018-06-01,1,Jun 2018
Romania,2018-12-01,1,Dec 2018
Romania,2019-06-01,1,Jun 2019
Russia,1979-01-01,0,Jan 1979
Russia,1984-01-01,0,Jan 1984
Russia,1989-01-01,0,Jan 1989
Russia,1990-01-01,0,Jan 1990
Russia,1991-01-01,0,Jan 1991
Russia,1992-01-01,0,Jan 1992
Russia,1994-01-01,0,Jan 1994
Russia,1995-01-01,0,Jan 1995
Russia,1999-01-01,0,Jan 1999
Russia,2000-01-01,0,Jan 2000
Russia,2001-01-01,0,Jan 2001
Russia,2002-01-01,0,Jan 2002
Russia,2003-01-01,0,Jan 2003
Russia,2004-01-01,0,Jan 2004
Russia,2005-01-01,0,Jan 2005
Russia,2006-01-01,0,Jan 2006
Russia,2007-01-01,0,Jan 2007
Russia,2008-01-01,0,Jan 2008
Russia,2009-01-01,0,Jan 2009
Russia,2010-01-01,0,Jan 2010
Russia,2011-01-01,0,Jan 2011
Russia,2011-07-01,0,Jul 2011
Russia,2012-01-01,0,Jan 2012
Russia,2012-07-01,0,Jul 2012
Russia,2013-01-01,0,Jan 2013
Russia,2014-01-01,1,Jan 2014
Russia,2015-01-01,1,Jan 2015
Russia,2016-01-01,1,Jan 2016
Russia,2016-07-01,1,Jul 2016
Russia,2017-01-01,1,Jan 2017
Russia,2017-12-01,1,Dec 2017
Russia,2018-06-01,3,Jun 2018
Russia,2018-12-01,4,Dec 2018
Russia,2019-06-01,5,Jun 2019
Saudi Arabia,1979-01-01,0,Jan 1979
Saudi Arabia,1984-01-01,0,Jan 1984
Saudi Arabia,1989-01-01,0,Jan 1989
Saudi Arabia,1990-01-01,0,Jan 1990
Saudi Arabia,1991-01-01,0,Jan 1991
Saudi Arabia,1992-01-01,0,Jan 1992
Saudi Arabia,1994-01-01,0,Jan 1994
Saudi Arabia,1995-01-01,0,Jan 1995
Saudi Arabia,1999-01-01,0,Jan 1999
Saudi Arabia,2000-01-01,0,Jan 2000
Saudi Arabia,2001-01-01,0,Jan 2001
Saudi Arabia,2002-01-01,0,Jan 2002
Saudi Arabia,2003-01-01,0,Jan 2003
Saudi Arabia,2004-01-01,0,Jan 2004
Saudi Arabia,2005-01-01,0,Jan 2005
Saudi Arabia,2006-01-01,0,Jan 2006
Saudi Arabia,2007-01-01,0,Jan 2007
Saudi Arabia,2008-01-01,0,Jan 2008
Saudi Arabia,2009-01-01,2,Jan 2009
Saudi Arabia,2010-01-01,2,Jan 2010
Saudi Arabia,2011-01-01,2,Jan 2011
Saudi Arabia,2011-07-01,2,Jul 2011
Saudi Arabia,2012-01-01,2,Jan 2012
Saudi Arabia,2012-07-01,2,Jul 2012
Saudi Arabia,2013-01-01,2,Jan 2013
Saudi Arabia,2014-01-01,2,Jan 2014
Saudi Arabia,2015-01-01,2,Jan 2015
Saudi Arabia,2016-01-01,2,Jan 2016
Saudi Arabia,2016-07-01,2,Jul 2016
Saudi Arabia,2017-01-01,2,Jan 2017
Saudi Arabia,2017-12-01,2,Dec 2017
Saudi Arabia,2018-06-01,2,Jun 2018
Saudi Arabia,2018-12-01,2,Dec 2018
Saudi Arabia,2019-06-01,2,Jun 2019
Scotland,1979-01-01,0,Jan 1979
Scotland,1984-01-01,0,Jan 1984
Scotland,1989-01-01,0,Jan 1989
Scotland,1990-01-01,0,Jan 1990
Scotland,1991-01-01,0,Jan 1991
Scotland,1992-01-01,0,Jan 1992
Scotland,1994-01-01,0,Jan 1994
Scotland,1995-01-01,0,Jan 1995
Scotland,1999-01-01,0,Jan 1999
Scotland,2000-01-01,0,Jan 2000
Scotland,2001-01-01,0,Jan 2001
Scotland,2002-01-01,0,Jan 2002
Scotland,2003-01-01,0,Jan 2003
Scotland,2004-01-01,0,Jan 2004
Scotland,2005-01-01,0,Jan 2005
Scotland,2006-01-01,0,Jan 2006
Scotland,2007-01-01,1,Jan 2007
Scotland,2008-01-01,1,Jan 2008
Scotland,2009-01-01,1,Jan 2009
Scotland,2010-01-01,1,Jan 2010
Scotland,2011-01-01,1,Jan 2011
Scotland,2011-07-01,1,Jul 2011
Scotland,2012-01-01,2,Jan 2012
Scotland,2012-07-01,2,Jul 2012
Scotland,2013-01-01,2,Jan 2013
Scotland,2014-01-01,4,Jan 2014
Scotland,2015-01-01,4,Jan 2015
Scotland,2016-01-01,5,Jan 2016
Scotland,2016-07-01,5,Jul 2016
Scotland,2017-01-01,6,Jan 2017
Scotland,2017-12-01,7,Dec 2017
Scotland,2018-06-01,7,Jun 2018
Scotland,2018-12-01,7,Dec 2018
Scotland,2019-06-01,7,Jun 2019
Serbia,1979-01-01,0,Jan 1979
Serbia,1984-01-01,0,Jan 1984
Serbia,1989-01-01,0,Jan 1989
Serbia,1990-01-01,0,Jan 1990
Serbia,1991-01-01,0,Jan 1991
Serbia,1992-01-01,0,Jan 1992
Serbia,1994-01-01,0,Jan 1994
Serbia,1995-01-01,0,Jan 1995
Serbia,1999-01-01,0,Jan 1999
Serbia,2000-01-01,0,Jan 2000
Serbia,2001-01-01,0,Jan 2001
Serbia,2002-01-01,0,Jan 2002
Serbia,2003-01-01,0,Jan 2003
Serbia,2004-01-01,0,Jan 2004
Serbia,2005-01-01,0,Jan 2005
Serbia,2006-01-01,0,Jan 2006
Serbia,2007-01-01,0,Jan 2007
Serbia,2008-01-01,0,Jan 2008
Serbia,2009-01-01,1,Jan 2009
Serbia,2010-01-01,1,Jan 2010
Serbia,2011-01-01,1,Jan 2011
Serbia,2011-07-01,1,Jul 2011
Serbia,2012-01-01,1,Jan 2012
Serbia,2012-07-01,1,Jul 2012
Serbia,2013-01-01,1,Jan 2013
Serbia,2014-01-01,1,Jan 2014
Serbia,2015-01-01,1,Jan 2015
Serbia,2016-01-01,1,Jan 2016
Serbia,2016-07-01,1,Jul 2016
Serbia,2017-01-01,1,Jan 2017
Serbia,2017-12-01,1,Dec 2017
Serbia,2018-06-01,1,Jun 2018
Serbia,2018-12-01,1,Dec 2018
Serbia,2019-06-01,1,Jun 2019
Singapore,1979-01-01,0,Jan 1979
Singapore,1984-01-01,0,Jan 1984
Singapore,1989-01-01,0,Jan 1989
Singapore,1990-01-01,0,Jan 1990
Singapore,1991-01-01,0,Jan 1991
Singapore,1992-01-01,0,Jan 1992
Singapore,1994-01-01,0,Jan 1994
Singapore,1995-01-01,0,Jan 1995
Singapore,1999-01-01,0,Jan 1999
Singapore,2000-01-01,0,Jan 2000
Singapore,2001-01-01,0,Jan 2001
Singapore,2002-01-01,0,Jan 2002
Singapore,2003-01-01,0,Jan 2003
Singapore,2004-01-01,0,Jan 2004
Singapore,2005-01-01,0,Jan 2005
Singapore,2006-01-01,0,Jan 2006
Singapore,2007-01-01,0,Jan 2007
Singapore,2008-01-01,1,Jan 2008
Singapore,2009-01-01,1,Jan 2009
Singapore,2010-01-01,1,Jan 2010
Singapore,2011-01-01,1,Jan 2011
Singapore,2011-07-01,1,Jul 2011
Singapore,2012-01-01,1,Jan 2012
Singapore,2012-07-01,1,Jul 2012
Singapore,2013-01-01,1,Jan 2013
Singapore,2014-01-01,2,Jan 2014
Singapore,2015-01-01,3,Jan 2015
Singapore,2016-01-01,4,Jan 2016
Singapore,2016-07-01,4,Jul 2016
Singapore,2017-01-01,4,Jan 2017
Singapore,2017-12-01,4,Dec 2017
Singapore,2018-06-01,4,Jun 2018
Singapore,2018-12-01,4,Dec 2018
Singapore,2019-06-01,4,Jun 2019
Slovenia,1979-01-01,0,Jan 1979
Slovenia,1984-01-01,0,Jan 1984
Slovenia,1989-01-01,0,Jan 1989
Slovenia,1990-01-01,0,Jan 1990
Slovenia,1991-01-01,0,Jan 1991
Slovenia,1992-01-01,0,Jan 1992
Slovenia,1994-01-01,0,Jan 1994
Slovenia,1995-01-01,0,Jan 1995
Slovenia,1999-01-01,0,Jan 1999
Slovenia,2000-01-01,0,Jan 2000
Slovenia,2001-01-01,0,Jan 2001
Slovenia,2002-01-01,0,Jan 2002
Slovenia,2003-01-01,0,Jan 2003
Slovenia,2004-01-01,1,Jan 2004
Slovenia,2005-01-01,1,Jan 2005
Slovenia,2006-01-01,1,Jan 2006
Slovenia,2007-01-01,1,Jan 2007
Slovenia,2008-01-01,1,Jan 2008
Slovenia,2009-01-01,1,Jan 2009
Slovenia,2010-01-01,1,Jan 2010
Slovenia,2011-01-01,1,Jan 2011
Slovenia,2011-07-01,1,Jul 2011
Slovenia,2012-01-01,1,Jan 2012
Slovenia,2012-07-01,1,Jul 2012
Slovenia,2013-01-01,1,Jan 2013
Slovenia,2014-01-01,1,Jan 2014
Slovenia,2015-01-01,1,Jan 2015
Slovenia,2016-01-01,1,Jan 2016
Slovenia,2016-07-01,1,Jul 2016
Slovenia,2017-01-01,1,Jan 2017
Slovenia,2017-12-01,1,Dec 2017
Slovenia,2018-06-01,1,Jun 2018
Slovenia,2018-12-01,1,Dec 2018
Slovenia,2019-06-01,1,Jun 2019
South Africa,1979-01-01,0,Jan 1979
South Africa,1984-01-01,0,Jan 1984
South Africa,1989-01-01,0,Jan 1989
South Africa,1990-01-01,0,Jan 1990
South Africa,1991-01-01,0,Jan 1991
South Africa,1992-01-01,0,Jan 1992
South Africa,1994-01-01,0,Jan 1994
South Africa,1995-01-01,0,Jan 1995
South Africa,1999-01-01,0,Jan 1999
South Africa,2000-01-01,0,Jan 2000
South Africa,2001-01-01,0,Jan 2001
South Africa,2002-01-01,0,Jan 2002
South Africa,2003-01-01,0,Jan 2003
South Africa,2004-01-01,0,Jan 2004
South Africa,2005-01-01,0,Jan 2005
South Africa,2006-01-01,0,Jan 2006
South Africa,2007-01-01,0,Jan 2007
South Africa,2008-01-01,0,Jan 2008
South Africa,2009-01-01,0,Jan 2009
South Africa,2010-01-01,0,Jan 2010
South Africa,2011-01-01,0,Jan 2011
South Africa,2011-07-01,0,Jul 2011
South Africa,2012-01-01,0,Jan 2012
South Africa,2012-07-01,0,Jul 2012
South Africa,2013-01-01,0,Jan 2013
South Africa,2014-01-01,0,Jan 2014
South Africa,2015-01-01,2,Jan 2015
South Africa,2016-01-01,3,Jan 2016
South Africa,2016-07-01,3,Jul 2016
South Africa,2017-01-01,5,Jan 2017
South Africa,2017-12-01,5,Dec 2017
South Africa,2018-06-01,5,Jun 2018
South Africa,2018-12-01,5,Dec 2018
South Africa,2019-06-01,7,Jun 2019
Spain,1979-01-01,0,Jan 1979
Spain,1984-01-01,0,Jan 1984
Spain,1989-01-01,0,Jan 1989
Spain,1990-01-01,0,Jan 1990
Spain,1991-01-01,0,Jan 1991
Spain,1992-01-01,0,Jan 1992
Spain,1994-01-01,0,Jan 1994
Spain,1995-01-01,0,Jan 1995
Spain,1999-01-01,1,Jan 1999
Spain,2000-01-01,1,Jan 2000
Spain,2001-01-01,1,Jan 2001
Spain,2002-01-01,1,Jan 2002
Spain,2003-01-01,1,Jan 2003
Spain,2004-01-01,3,Jan 2004
Spain,2005-01-01,4,Jan 2005
Spain,2006-01-01,4,Jan 2006
Spain,2007-01-01,4,Jan 2007
Spain,2008-01-01,4,Jan 2008
Spain,2009-01-01,7,Jan 2009
Spain,2010-01-01,7,Jan 2010
Spain,2011-01-01,8,Jan 2011
Spain,2011-07-01,8,Jul 2011
Spain,2012-01-01,9,Jan 2012
Spain,2012-07-01,9,Jul 2012
Spain,2013-01-01,10,Jan 2013
Spain,2014-01-01,14,Jan 2014
Spain,2015-01-01,17,Jan 2015
Spain,2016-01-01,24,Jan 2016
Spain,2016-07-01,24,Jul 2016
Spain,2017-01-01,26,Jan 2017
Spain,2017-12-01,26,Dec 2017
Spain,2018-06-01,26,Jun 2018
Spain,2018-12-01,26,Dec 2018
Spain,2019-06-01,27,Jun 2019
Sweden,1979-01-01,0,Jan 1979
Sweden,1984-01-01,0,Jan 1984
Sweden,1989-01-01,0,Jan 1989
Sweden,1990-01-01,0,Jan 1990
Sweden,1991-01-01,0,Jan 1991
Sweden,1992-01-01,0,Jan 1992
Sweden,1994-01-01,0,Jan 1994
Sweden,1995-01-01,0,Jan 1995
Sweden,1999-01-01,0,Jan 1999
Sweden,2000-01-01,0,Jan 2000
Sweden,2001-01-01,0,Jan 2001
Sweden,2002-01-01,0,Jan 2002
Sweden,2003-01-01,0,Jan 2003
Sweden,2004-01-01,0,Jan 2004
Sweden,2005-01-01,0,Jan 2005
Sweden,2006-01-01,0,Jan 2006
Sweden,2007-01-01,0,Jan 2007
Sweden,2008-01-01,0,Jan 2008
Sweden,2009-01-01,1,Jan 2009
Sweden,2010-01-01,1,Jan 2010
Sweden,2011-01-01,1,Jan 2011
Sweden,2011-07-01,1,Jul 2011
Sweden,2012-01-01,1,Jan 2012
Sweden,2012-07-01,1,Jul 2012
Sweden,2013-01-01,1,Jan 2013
Sweden,2014-01-01,1,Jan 2014
Sweden,2015-01-01,2,Jan 2015
Sweden,2016-01-01,4,Jan 2016
Sweden,2016-07-01,4,Jul 2016
Sweden,2017-01-01,6,Jan 2017
Sweden,2017-12-01,6,Dec 2017
Sweden,2018-06-01,7,Jun 2018
Sweden,2018-12-01,7,Dec 2018
Sweden,2019-06-01,7,Jun 2019
Switzerland,1979-01-01,0,Jan 1979
Switzerland,1984-01-01,0,Jan 1984
Switzerland,1989-01-01,0,Jan 1989
Switzerland,1990-01-01,0,Jan 1990
Switzerland,1991-01-01,0,Jan 1991
Switzerland,1992-01-01,0,Jan 1992
Switzerland,1994-01-01,0,Jan 1994
Switzerland,1995-01-01,0,Jan 1995
Switzerland,1999-01-01,0,Jan 1999
Switzerland,2000-01-01,0,Jan 2000
Switzerland,2001-01-01,0,Jan 2001
Switzerland,2002-01-01,0,Jan 2002
Switzerland,2003-01-01,0,Jan 2003
Switzerland,2004-01-01,0,Jan 2004
Switzerland,2005-01-01,0,Jan 2005
Switzerland,2006-01-01,0,Jan 2006
Switzerland,2007-01-01,0,Jan 2007
Switzerland,2008-01-01,0,Jan 2008
Switzerland,2009-01-01,0,Jan 2009
Switzerland,2010-01-01,1,Jan 2010
Switzerland,2011-01-01,1,Jan 2011
Switzerland,2011-07-01,1,Jul 2011
Switzerland,2012-01-01,1,Jan 2012
Switzerland,2012-07-01,1,Jul 2012
Switzerland,2013-01-01,1,Jan 2013
Switzerland,2014-01-01,2,Jan 2014
Switzerland,2015-01-01,3,Jan 2015
Switzerland,2016-01-01,5,Jan 2016
Switzerland,2016-07-01,5,Jul 2016
Switzerland,2017-01-01,6,Jan 2017
Switzerland,2017-12-01,6,Dec 2017
Switzerland,2018-06-01,8,Jun 2018
Switzerland,2018-12-01,8,Dec 2018
Switzerland,2019-06-01,8,Jun 2019
Taiwan,1979-01-01,0,Jan 1979
Taiwan,1984-01-01,0,Jan 1984
Taiwan,1989-01-01,0,Jan 1989
Taiwan,1990-01-01,0,Jan 1990
Taiwan,1991-01-01,0,Jan 1991
Taiwan,1992-01-01,0,Jan 1992
Taiwan,1994-01-01,0,Jan 1994
Taiwan,1995-01-01,0,Jan 1995
Taiwan,1999-01-01,0,Jan 1999
Taiwan,2000-01-01,0,Jan 2000
Taiwan,2001-01-01,0,Jan 2001
Taiwan,2002-01-01,0,Jan 2002
Taiwan,2003-01-01,0,Jan 2003
Taiwan,2004-01-01,0,Jan 2004
Taiwan,2005-01-01,0,Jan 2005
Taiwan,2006-01-01,0,Jan 2006
Taiwan,2007-01-01,0,Jan 2007
Taiwan,2008-01-01,0,Jan 2008
Taiwan,2009-01-01,0,Jan 2009
Taiwan,2010-01-01,0,Jan 2010
Taiwan,2011-01-01,0,Jan 2011
Taiwan,2011-07-01,0,Jul 2011
Taiwan,2012-01-01,0,Jan 2012
Taiwan,2012-07-01,0,Jul 2012
Taiwan,2013-01-01,0,Jan 2013
Taiwan,2014-01-01,0,Jan 2014
Taiwan,2015-01-01,0,Jan 2015
Taiwan,2016-01-01,0,Jan 2016
Taiwan,2016-07-01,0,Jul 2016
Taiwan,2017-01-01,1,Jan 2017
Taiwan,2017-12-01,1,Dec 2017
Taiwan,2018-06-01,1,Jun 2018
Taiwan,2018-12-01,1,Dec 2018
Taiwan,2019-06-01,1,Jun 2019
Tanzania,1979-01-01,0,Jan 1979
Tanzania,1984-01-01,0,Jan 1984
Tanzania,1989-01-01,0,Jan 1989
Tanzania,1990-01-01,0,Jan 1990
Tanzania,1991-01-01,0,Jan 1991
Tanzania,1992-01-01,0,Jan 1992
Tanzania,1994-01-01,0,Jan 1994
Tanzania,1995-01-01,0,Jan 1995
Tanzania,1999-01-01,0,Jan 1999
Tanzania,2000-01-01,0,Jan 2000
Tanzania,2001-01-01,0,Jan 2001
Tanzania,2002-01-01,0,Jan 2002
Tanzania,2003-01-01,0,Jan 2003
Tanzania,2004-01-01,0,Jan 2004
Tanzania,2005-01-01,0,Jan 2005
Tanzania,2006-01-01,0,Jan 2006
Tanzania,2007-01-01,0,Jan 2007
Tanzania,2008-01-01,0,Jan 2008
Tanzania,2009-01-01,0,Jan 2009
Tanzania,2010-01-01,0,Jan 2010
Tanzania,2011-01-01,0,Jan 2011
Tanzania,2011-07-01,0,Jul 2011
Tanzania,2012-01-01,0,Jan 2012
Tanzania,2012-07-01,0,Jul 2012
Tanzania,2013-01-01,1,Jan 2013
Tanzania,2014-01-01,1,Jan 2014
Tanzania,2015-01-01,1,Jan 2015
Tanzania,2016-01-01,1,Jan 2016
Tanzania,2016-07-01,1,Jul 2016
Tanzania,2017-01-01,2,Jan 2017
Tanzania,2017-12-01,2,Dec 2017
Tanzania,2018-06-01,2,Jun 2018
Tanzania,2018-12-01,2,Dec 2018
Tanzania,2019-06-01,2,Jun 2019
Thailand,1979-01-01,0,Jan 1979
Thailand,1984-01-01,0,Jan 1984
Thailand,1989-01-01,0,Jan 1989
Thailand,1990-01-01,0,Jan 1990
Thailand,1991-01-01,0,Jan 1991
Thailand,1992-01-01,0,Jan 1992
Thailand,1994-01-01,0,Jan 1994
Thailand,1995-01-01,0,Jan 1995
Thailand,1999-01-01,0,Jan 1999
Thailand,2000-01-01,0,Jan 2000
Thailand,2001-01-01,0,Jan 2001
Thailand,2002-01-01,0,Jan 2002
Thailand,2003-01-01,0,Jan 2003
Thailand,2004-01-01,0,Jan 2004
Thailand,2005-01-01,0,Jan 2005
Thailand,2006-01-01,0,Jan 2006
Thailand,2007-01-01,0,Jan 2007
Thailand,2008-01-01,0,Jan 2008
Thailand,2009-01-01,0,Jan 2009
Thailand,2010-01-01,0,Jan 2010
Thailand,2011-01-01,0,Jan 2011
Thailand,2011-07-01,0,Jul 2011
Thailand,2012-01-01,0,Jan 2012
Thailand,2012-07-01,0,Jul 2012
Thailand,2013-01-01,0,Jan 2013
Thailand,2014-01-01,0,Jan 2014
Thailand,2015-01-01,0,Jan 2015
Thailand,2016-01-01,0,Jan 2016
Thailand,2016-07-01,0,Jul 2016
Thailand,2017-01-01,1,Jan 2017
Thailand,2017-12-01,1,Dec 2017
Thailand,2018-06-01,1,Jun 2018
Thailand,2018-12-01,1,Dec 2018
Thailand,2019-06-01,1,Jun 2019
Tunisia,1979-01-01,0,Jan 1979
Tunisia,1984-01-01,0,Jan 1984
Tunisia,1989-01-01,0,Jan 1989
Tunisia,1990-01-01,0,Jan 1990
Tunisia,1991-01-01,0,Jan 1991
Tunisia,1992-01-01,0,Jan 1992
Tunisia,1994-01-01,0,Jan 1994
Tunisia,1995-01-01,0,Jan 1995
Tunisia,1999-01-01,1,Jan 1999
Tunisia,2000-01-01,1,Jan 2000
Tunisia,2001-01-01,1,Jan 2001
Tunisia,2002-01-01,1,Jan 2002
Tunisia,2003-01-01,1,Jan 2003
Tunisia,2004-01-01,1,Jan 2004
Tunisia,2005-01-01,1,Jan 2005
Tunisia,2006-01-01,1,Jan 2006
Tunisia,2007-01-01,1,Jan 2007
Tunisia,2008-01-01,1,Jan 2008
Tunisia,2009-01-01,1,Jan 2009
Tunisia,2010-01-01,1,Jan 2010
Tunisia,2011-01-01,1,Jan 2011
Tunisia,2011-07-01,1,Jul 2011
Tunisia,2012-01-01,1,Jan 2012
Tunisia,2012-07-01,1,Jul 2012
Tunisia,2013-01-01,1,Jan 2013
Tunisia,2014-01-01,1,Jan 2014
Tunisia,2015-01-01,1,Jan 2015
Tunisia,2016-01-01,1,Jan 2016
Tunisia,2016-07-01,1,Jul 2016
Tunisia,2017-01-01,1,Jan 2017
Tunisia,2017-12-01,1,Dec 2017
Tunisia,2018-06-01,1,Jun 2018
Tunisia,2018-12-01,1,Dec 2018
Tunisia,2019-06-01,1,Jun 2019
Turkey,1979-01-01,0,Jan 1979
Turkey,1984-01-01,0,Jan 1984
Turkey,1989-01-01,0,Jan 1989
Turkey,1990-01-01,0,Jan 1990
Turkey,1991-01-01,0,Jan 1991
Turkey,1992-01-01,0,Jan 1992
Turkey,1994-01-01,0,Jan 1994
Turkey,1995-01-01,0,Jan 1995
Turkey,1999-01-01,0,Jan 1999
Turkey,2000-01-01,0,Jan 2000
Turkey,2001-01-01,0,Jan 2001
Turkey,2002-01-01,0,Jan 2002
Turkey,2003-01-01,0,Jan 2003
Turkey,2004-01-01,0,Jan 2004
Turkey,2005-01-01,0,Jan 2005
Turkey,2006-01-01,0,Jan 2006
Turkey,2007-01-01,0,Jan 2007
Turkey,2008-01-01,0,Jan 2008
Turkey,2009-01-01,0,Jan 2009
Turkey,2010-01-01,0,Jan 2010
Turkey,2011-01-01,1,Jan 2011
Turkey,2011-07-01,1,Jul 2011
Turkey,2012-01-01,2,Jan 2012
Turkey,2012-07-01,2,Jul 2012
Turkey,2013-01-01,3,Jan 2013
Turkey,2014-01-01,3,Jan 2014
Turkey,2015-01-01,5,Jan 2015
Turkey,2016-01-01,5,Jan 2016
Turkey,2016-07-01,5,Jul 2016
Turkey,2017-01-01,5,Jan 2017
Turkey,2017-12-01,5,Dec 2017
Turkey,2018-06-01,5,Jun 2018
Turkey,2018-12-01,5,Dec 2018
Turkey,2019-06-01,5,Jun 2019
USA,1979-01-01,1,Jan 1979
USA,1984-01-01,2,Jan 1984
USA,1989-01-01,9,Jan 1989
USA,1990-01-01,10,Jan 1990
USA,1991-01-01,10,Jan 1991
USA,1992-01-01,11,Jan 1992
USA,1994-01-01,18,Jan 1994
USA,1995-01-01,19,Jan 1995
USA,1999-01-01,34,Jan 1999
USA,2000-01-01,35,Jan 2000
USA,2001-01-01,36,Jan 2001
USA,2002-01-01,37,Jan 2002
USA,2003-01-01,38,Jan 2003
USA,2004-01-01,64,Jan 2004
USA,2005-01-01,65,Jan 2005
USA,2006-01-01,69,Jan 2006
USA,2007-01-01,77,Jan 2007
USA,2008-01-01,83,Jan 2008
USA,2009-01-01,127,Jan 2009
USA,2010-01-01,130,Jan 2010
USA,2011-01-01,157,Jan 2011
USA,2011-07-01,157,Jul 2011
USA,2012-01-01,192,Jan 2012
USA,2012-07-01,192,Jul 2012
USA,2013-01-01,234,Jan 2013
USA,2014-01-01,313,Jan 2014
USA,2015-01-01,366,Jan 2015
USA,2016-01-01,454,Jan 2016
USA,2016-07-01,455,Jul 2016
USA,2017-01-01,547,Jan 2017
USA,2017-12-01,553,Dec 2017
USA,2018-06-01,613,Jun 2018
USA,2018-12-01,618,Dec 2018
USA,2019-06-01,640,Jun 2019
Uganda,1979-01-01,0,Jan 1979
Uganda,1984-01-01,0,Jan 1984
Uganda,1989-01-01,0,Jan 1989
Uganda,1990-01-01,0,Jan 1990
Uganda,1991-01-01,0,Jan 1991
Uganda,1992-01-01,0,Jan 1992
Uganda,1994-01-01,0,Jan 1994
Uganda,1995-01-01,0,Jan 1995
Uganda,1999-01-01,0,Jan 1999
Uganda,2000-01-01,0,Jan 2000
Uganda,2001-01-01,0,Jan 2001
Uganda,2002-01-01,0,Jan 2002
Uganda,2003-01-01,0,Jan 2003
Uganda,2004-01-01,0,Jan 2004
Uganda,2005-01-01,0,Jan 2005
Uganda,2006-01-01,0,Jan 2006
Uganda,2007-01-01,0,Jan 2007
Uganda,2008-01-01,0,Jan 2008
Uganda,2009-01-01,0,Jan 2009
Uganda,2010-01-01,0,Jan 2010
Uganda,2011-01-01,0,Jan 2011
Uganda,2011-07-01,0,Jul 2011
Uganda,2012-01-01,0,Jan 2012
Uganda,2012-07-01,0,Jul 2012
Uganda,2013-01-01,1,Jan 2013
Uganda,2014-01-01,1,Jan 2014
Uganda,2015-01-01,1,Jan 2015
Uganda,2016-01-01,1,Jan 2016
Uganda,2016-07-01,1,Jul 2016
Uganda,2017-01-01,1,Jan 2017
Uganda,2017-12-01,2,Dec 2017
Uganda,2018-06-01,2,Jun 2018
Uganda,2018-12-01,2,Dec 2018
Uganda,2019-06-01,2,Jun 2019
United Kingdom,1979-01-01,0,Jan 1979
United Kingdom,1984-01-01,0,Jan 1984
United Kingdom,1989-01-01,0,Jan 1989
United Kingdom,1990-01-01,0,Jan 1990
United Kingdom,1991-01-01,0,Jan 1991
United Kingdom,1992-01-01,0,Jan 1992
United Kingdom,1994-01-01,0,Jan 1994
United Kingdom,1995-01-01,0,Jan 1995
United Kingdom,1999-01-01,4,Jan 1999
United Kingdom,2000-01-01,4,Jan 2000
United Kingdom,2001-01-01,4,Jan 2001
United Kingdom,2002-01-01,4,Jan 2002
United Kingdom,2003-01-01,4,Jan 2003
United Kingdom,2004-01-01,6,Jan 2004
United Kingdom,2005-01-01,6,Jan 2005
United Kingdom,2006-01-01,6,Jan 2006
United Kingdom,2007-01-01,7,Jan 2007
United Kingdom,2008-01-01,7,Jan 2008
United Kingdom,2009-01-01,9,Jan 2009
United Kingdom,2010-01-01,11,Jan 2010
United Kingdom,2011-01-01,13,Jan 2011
United Kingdom,2011-07-01,13,Jul 2011
United Kingdom,2012-01-01,16,Jan 2012
United Kingdom,2012-07-01,16,Jul 2012
United Kingdom,2013-01-01,22,Jan 2013
United Kingdom,2014-01-01,33,Jan 2014
United Kingdom,2015-01-01,43,Jan 2015
United Kingdom,2016-01-01,65,Jan 2016
United Kingdom,2016-07-01,66,Jul 2016
United Kingdom,2017-01-01,82,Jan 2017
United Kingdom,2017-12-01,83,Dec 2017
United Kingdom,2018-06-01,97,Jun 2018
United Kingdom,2018-12-01,99,Dec 2018
United Kingdom,2019-06-01,99,Jun 2019
Uruguay,1979-01-01,0,Jan 1979
Uruguay,1984-01-01,0,Jan 1984
Uruguay,1989-01-01,0,Jan 1989
Uruguay,1990-01-01,0,Jan 1990
Uruguay,1991-01-01,0,Jan 1991
Uruguay,1992-01-01,0,Jan 1992
Uruguay,1994-01-01,0,Jan 1994
Uruguay,1995-01-01,0,Jan 1995
Uruguay,1999-01-01,0,Jan 1999
Uruguay,2000-01-01,0,Jan 2000
Uruguay,2001-01-01,0,Jan 2001
Uruguay,2002-01-01,0,Jan 2002
Uruguay,2003-01-01,0,Jan 2003
Uruguay,2004-01-01,0,Jan 2004
Uruguay,2005-01-01,0,Jan 2005
Uruguay,2006-01-01,0,Jan 2006
Uruguay,2007-01-01,0,Jan 2007
Uruguay,2008-01-01,0,Jan 2008
Uruguay,2009-01-01,0,Jan 2009
Uruguay,2010-01-01,0,Jan 2010
Uruguay,2011-01-01,0,Jan 2011
Uruguay,2011-07-01,0,Jul 2011
Uruguay,2012-01-01,0,Jan 2012
Uruguay,2012-07-01,0,Jul 2012
Uruguay,2013-01-01,0,Jan 2013
Uruguay,2014-01-01,0,Jan 2014
Uruguay,2015-01-01,0,Jan 2015
Uruguay,2016-01-01,0,Jan 2016
Uruguay,2016-07-01,0,Jul 2016
Uruguay,2017-01-01,1,Jan 2017
Uruguay,2017-12-01,1,Dec 2017
Uruguay,2018-06-01,1,Jun 2018
Uruguay,2018-12-01,1,Dec 2018
Uruguay,2019-06-01,1,Jun 2019
Venezuela,1979-01-01,0,Jan 1979
Venezuela,1984-01-01,0,Jan 1984
Venezuela,1989-01-01,0,Jan 1989
Venezuela,1990-01-01,0,Jan 1990
Venezuela,1991-01-01,0,Jan 1991
Venezuela,1992-01-01,0,Jan 1992
Venezuela,1994-01-01,0,Jan 1994
Venezuela,1995-01-01,0,Jan 1995
Venezuela,1999-01-01,0,Jan 1999
Venezuela,2000-01-01,0,Jan 2000
Venezuela,2001-01-01,0,Jan 2001
Venezuela,2002-01-01,0,Jan 2002
Venezuela,2003-01-01,0,Jan 2003
Venezuela,2004-01-01,0,Jan 2004
Venezuela,2005-01-01,0,Jan 2005
Venezuela,2006-01-01,0,Jan 2006
Venezuela,2007-01-01,0,Jan 2007
Venezuela,2008-01-01,0,Jan 2008
Venezuela,2009-01-01,0,Jan 2009
Venezuela,2010-01-01,0,Jan 2010
Venezuela,2011-01-01,0,Jan 2011
Venezuela,2011-07-01,0,Jul 2011
Venezuela,2012-01-01,0,Jan 2012
Venezuela,2012-07-01,0,Jul 2012
Venezuela,2013-01-01,0,Jan 2013
Venezuela,2014-01-01,0,Jan 2014
Venezuela,2015-01-01,0,Jan 2015
Venezuela,2016-01-01,0,Jan 2016
Venezuela,2016-07-01,0,Jul 2016
Venezuela,2017-01-01,1,Jan 2017
Venezuela,2017-12-01,1,Dec 2017
Venezuela,2018-06-01,1,Jun 2018
Venezuela,2018-12-01,1,Dec 2018
Venezuela,2019-06-01,1,Jun 2019
Vietnam,1979-01-01,0,Jan 1979
Vietnam,1984-01-01,0,Jan 1984
Vietnam,1989-01-01,0,Jan 1989
Vietnam,1990-01-01,0,Jan 1990
Vietnam,1991-01-01,0,Jan 1991
Vietnam,1992-01-01,0,Jan 1992
Vietnam,1994-01-01,0,Jan 1994
Vietnam,1995-01-01,0,Jan 1995
Vietnam,1999-01-01,0,Jan 1999
Vietnam,2000-01-01,0,Jan 2000
Vietnam,2001-01-01,0,Jan 2001
Vietnam,2002-01-01,0,Jan 2002
Vietnam,2003-01-01,0,Jan 2003
Vietnam,2004-01-01,0,Jan 2004
Vietnam,2005-01-01,0,Jan 2005
Vietnam,2006-01-01,0,Jan 2006
Vietnam,2007-01-01,0,Jan 2007
Vietnam,2008-01-01,0,Jan 2008
Vietnam,2009-01-01,0,Jan 2009
Vietnam,2010-01-01,0,Jan 2010
Vietnam,2011-01-01,0,Jan 2011
Vietnam,2011-07-01,0,Jul 2011
Vietnam,2012-01-01,0,Jan 2012
Vietnam,2012-07-01,0,Jul 2012
Vietnam,2013-01-01,0,Jan 2013
Vietnam,2014-01-01,0,Jan 2014
Vietnam,2015-01-01,0,Jan 2015
Vietnam,2016-01-01,1,Jan 2016
Vietnam,2016-07-01,1,Jul 2016
Vietnam,2017-01-01,1,Jan 2017
Vietnam,2017-12-01,1,Dec 2017
Vietnam,2018-06-01,2,Jun 2018
Vietnam,2018-12-01,2,Dec 2018
Vietnam,2019-06-01,2,Jun 2019
